[0.107s] DEBUG:colcon:Command line arguments: ['/usr/bin/colcon', 'build']
[0.107s] DEBUG:colcon:Parsed command line arguments: Namespace(log_base=None, log_level=None, verb_name='build', build_base='build', install_base='install', merge_install=False, symlink_install=False, test_result_base=None, continue_on_error=False, executor='parallel', parallel_workers=16, event_handlers=None, ignore_user_meta=False, metas=['./colcon.meta'], base_paths=['.'], packages_ignore=None, packages_ignore_regex=None, paths=None, packages_up_to=None, packages_up_to_regex=None, packages_above=None, packages_above_and_dependencies=None, packages_above_depth=None, packages_select_by_dep=None, packages_skip_by_dep=None, packages_skip_up_to=None, packages_select_build_failed=False, packages_skip_build_finished=False, packages_select_test_failures=False, packages_skip_test_passed=False, packages_select=None, packages_skip=None, packages_select_regex=None, packages_skip_regex=None, packages_start=None, packages_end=None, allow_overriding=[], cmake_args=None, cmake_target=None, cmake_target_skip_unavailable=False, cmake_clean_cache=False, cmake_clean_first=False, cmake_force_configure=False, ament_cmake_args=None, catkin_cmake_args=None, catkin_skip_building_tests=False, mixin_files=None, mixin=None, verb_parser=<colcon_mixin.mixin.mixin_argument.MixinArgumentDecorator object at 0x7f9dddd927b0>, verb_extension=<colcon_core.verb.build.BuildVerb object at 0x7f9dddeeaed0>, main=<bound method BuildVerb.main of <colcon_core.verb.build.BuildVerb object at 0x7f9dddeeaed0>>, mixin_verb=('build',))
[0.145s] Level 1:colcon.colcon_core.package_discovery:discover_packages(colcon_meta) check parameters
[0.145s] Level 1:colcon.colcon_core.package_discovery:discover_packages(recursive) check parameters
[0.145s] Level 1:colcon.colcon_core.package_discovery:discover_packages(ignore) check parameters
[0.145s] Level 1:colcon.colcon_core.package_discovery:discover_packages(path) check parameters
[0.145s] Level 1:colcon.colcon_core.package_discovery:discover_packages(colcon_meta) discover
[0.145s] Level 1:colcon.colcon_core.package_discovery:discover_packages(recursive) discover
[0.145s] INFO:colcon.colcon_core.package_discovery:Crawling recursively for packages in '/home/alex/Desktop/Robot/grupo_07_kuka_kr7_r900_3_ws'
[0.145s] Level 1:colcon.colcon_core.package_identification:_identify(.) by extensions ['ignore', 'ignore_ament_install']
[0.145s] Level 1:colcon.colcon_core.package_identification:_identify(.) by extension 'ignore'
[0.145s] Level 1:colcon.colcon_core.package_identification:_identify(.) by extension 'ignore_ament_install'
[0.145s] Level 1:colcon.colcon_core.package_identification:_identify(.) by extensions ['colcon_pkg']
[0.145s] Level 1:colcon.colcon_core.package_identification:_identify(.) by extension 'colcon_pkg'
[0.146s] Level 1:colcon.colcon_core.package_identification:_identify(.) by extensions ['colcon_meta']
[0.146s] Level 1:colcon.colcon_core.package_identification:_identify(.) by extension 'colcon_meta'
[0.146s] Level 1:colcon.colcon_core.package_identification:_identify(.) by extensions ['ros']
[0.146s] Level 1:colcon.colcon_core.package_identification:_identify(.) by extension 'ros'
[0.170s] Level 1:colcon.colcon_core.package_identification:_identify(.) by extensions ['cmake', 'python']
[0.170s] Level 1:colcon.colcon_core.package_identification:_identify(.) by extension 'cmake'
[0.170s] Level 1:colcon.colcon_core.package_identification:_identify(.) by extension 'python'
[0.170s] Level 1:colcon.colcon_core.package_identification:_identify(.) by extensions ['python_setup_py']
[0.170s] Level 1:colcon.colcon_core.package_identification:_identify(.) by extension 'python_setup_py'
[0.170s] Level 1:colcon.colcon_core.package_identification:_identify(build) by extensions ['ignore', 'ignore_ament_install']
[0.170s] Level 1:colcon.colcon_core.package_identification:_identify(build) by extension 'ignore'
[0.170s] Level 1:colcon.colcon_core.package_identification:_identify(build) ignored
[0.171s] Level 1:colcon.colcon_core.package_identification:_identify(docs) by extensions ['ignore', 'ignore_ament_install']
[0.171s] Level 1:colcon.colcon_core.package_identification:_identify(docs) by extension 'ignore'
[0.171s] Level 1:colcon.colcon_core.package_identification:_identify(docs) by extension 'ignore_ament_install'
[0.171s] Level 1:colcon.colcon_core.package_identification:_identify(docs) by extensions ['colcon_pkg']
[0.171s] Level 1:colcon.colcon_core.package_identification:_identify(docs) by extension 'colcon_pkg'
[0.171s] Level 1:colcon.colcon_core.package_identification:_identify(docs) by extensions ['colcon_meta']
[0.171s] Level 1:colcon.colcon_core.package_identification:_identify(docs) by extension 'colcon_meta'
[0.171s] Level 1:colcon.colcon_core.package_identification:_identify(docs) by extensions ['ros']
[0.171s] Level 1:colcon.colcon_core.package_identification:_identify(docs) by extension 'ros'
[0.171s] Level 1:colcon.colcon_core.package_identification:_identify(docs) by extensions ['cmake', 'python']
[0.171s] Level 1:colcon.colcon_core.package_identification:_identify(docs) by extension 'cmake'
[0.171s] Level 1:colcon.colcon_core.package_identification:_identify(docs) by extension 'python'
[0.171s] Level 1:colcon.colcon_core.package_identification:_identify(docs) by extensions ['python_setup_py']
[0.171s] Level 1:colcon.colcon_core.package_identification:_identify(docs) by extension 'python_setup_py'
[0.171s] Level 1:colcon.colcon_core.package_identification:_identify(install) by extensions ['ignore', 'ignore_ament_install']
[0.171s] Level 1:colcon.colcon_core.package_identification:_identify(install) by extension 'ignore'
[0.172s] Level 1:colcon.colcon_core.package_identification:_identify(install) ignored
[0.172s] Level 1:colcon.colcon_core.package_identification:_identify(log) by extensions ['ignore', 'ignore_ament_install']
[0.172s] Level 1:colcon.colcon_core.package_identification:_identify(log) by extension 'ignore'
[0.172s] Level 1:colcon.colcon_core.package_identification:_identify(log) ignored
[0.172s] Level 1:colcon.colcon_core.package_identification:_identify(src) by extensions ['ignore', 'ignore_ament_install']
[0.172s] Level 1:colcon.colcon_core.package_identification:_identify(src) by extension 'ignore'
[0.172s] Level 1:colcon.colcon_core.package_identification:_identify(src) by extension 'ignore_ament_install'
[0.172s] Level 1:colcon.colcon_core.package_identification:_identify(src) by extensions ['colcon_pkg']
[0.172s] Level 1:colcon.colcon_core.package_identification:_identify(src) by extension 'colcon_pkg'
[0.172s] Level 1:colcon.colcon_core.package_identification:_identify(src) by extensions ['colcon_meta']
[0.172s] Level 1:colcon.colcon_core.package_identification:_identify(src) by extension 'colcon_meta'
[0.172s] Level 1:colcon.colcon_core.package_identification:_identify(src) by extensions ['ros']
[0.172s] Level 1:colcon.colcon_core.package_identification:_identify(src) by extension 'ros'
[0.172s] Level 1:colcon.colcon_core.package_identification:_identify(src) by extensions ['cmake', 'python']
[0.172s] Level 1:colcon.colcon_core.package_identification:_identify(src) by extension 'cmake'
[0.172s] Level 1:colcon.colcon_core.package_identification:_identify(src) by extension 'python'
[0.172s] Level 1:colcon.colcon_core.package_identification:_identify(src) by extensions ['python_setup_py']
[0.172s] Level 1:colcon.colcon_core.package_identification:_identify(src) by extension 'python_setup_py'
[0.173s] Level 1:colcon.colcon_core.package_identification:_identify(src/grupo07_kuka_kr7_bringup) by extensions ['ignore', 'ignore_ament_install']
[0.173s] Level 1:colcon.colcon_core.package_identification:_identify(src/grupo07_kuka_kr7_bringup) by extension 'ignore'
[0.173s] Level 1:colcon.colcon_core.package_identification:_identify(src/grupo07_kuka_kr7_bringup) by extension 'ignore_ament_install'
[0.173s] Level 1:colcon.colcon_core.package_identification:_identify(src/grupo07_kuka_kr7_bringup) by extensions ['colcon_pkg']
[0.173s] Level 1:colcon.colcon_core.package_identification:_identify(src/grupo07_kuka_kr7_bringup) by extension 'colcon_pkg'
[0.173s] Level 1:colcon.colcon_core.package_identification:_identify(src/grupo07_kuka_kr7_bringup) by extensions ['colcon_meta']
[0.173s] Level 1:colcon.colcon_core.package_identification:_identify(src/grupo07_kuka_kr7_bringup) by extension 'colcon_meta'
[0.173s] Level 1:colcon.colcon_core.package_identification:_identify(src/grupo07_kuka_kr7_bringup) by extensions ['ros']
[0.173s] Level 1:colcon.colcon_core.package_identification:_identify(src/grupo07_kuka_kr7_bringup) by extension 'ros'
[0.175s] DEBUG:colcon.colcon_core.package_identification:Package 'src/grupo07_kuka_kr7_bringup' with type 'ros.ament_cmake' and name 'grupo07_kuka_kr7_bringup'
[0.175s] Level 1:colcon.colcon_core.package_identification:_identify(src/grupo07_kuka_kr7_kinematics) by extensions ['ignore', 'ignore_ament_install']
[0.175s] Level 1:colcon.colcon_core.package_identification:_identify(src/grupo07_kuka_kr7_kinematics) by extension 'ignore'
[0.175s] Level 1:colcon.colcon_core.package_identification:_identify(src/grupo07_kuka_kr7_kinematics) by extension 'ignore_ament_install'
[0.175s] Level 1:colcon.colcon_core.package_identification:_identify(src/grupo07_kuka_kr7_kinematics) by extensions ['colcon_pkg']
[0.176s] Level 1:colcon.colcon_core.package_identification:_identify(src/grupo07_kuka_kr7_kinematics) by extension 'colcon_pkg'
[0.176s] Level 1:colcon.colcon_core.package_identification:_identify(src/grupo07_kuka_kr7_kinematics) by extensions ['colcon_meta']
[0.176s] Level 1:colcon.colcon_core.package_identification:_identify(src/grupo07_kuka_kr7_kinematics) by extension 'colcon_meta'
[0.176s] Level 1:colcon.colcon_core.package_identification:_identify(src/grupo07_kuka_kr7_kinematics) by extensions ['ros']
[0.176s] Level 1:colcon.colcon_core.package_identification:_identify(src/grupo07_kuka_kr7_kinematics) by extension 'ros'
[0.176s] DEBUG:colcon.colcon_core.package_identification:Package 'src/grupo07_kuka_kr7_kinematics' with type 'ros.ament_python' and name 'grupo07_kuka_kr7_kinematics'
[0.176s] Level 1:colcon.colcon_core.package_identification:_identify(src/grupo07_robot_kinematics) by extensions ['ignore', 'ignore_ament_install']
[0.176s] Level 1:colcon.colcon_core.package_identification:_identify(src/grupo07_robot_kinematics) by extension 'ignore'
[0.176s] Level 1:colcon.colcon_core.package_identification:_identify(src/grupo07_robot_kinematics) by extension 'ignore_ament_install'
[0.177s] Level 1:colcon.colcon_core.package_identification:_identify(src/grupo07_robot_kinematics) by extensions ['colcon_pkg']
[0.177s] Level 1:colcon.colcon_core.package_identification:_identify(src/grupo07_robot_kinematics) by extension 'colcon_pkg'
[0.177s] Level 1:colcon.colcon_core.package_identification:_identify(src/grupo07_robot_kinematics) by extensions ['colcon_meta']
[0.177s] Level 1:colcon.colcon_core.package_identification:_identify(src/grupo07_robot_kinematics) by extension 'colcon_meta'
[0.177s] Level 1:colcon.colcon_core.package_identification:_identify(src/grupo07_robot_kinematics) by extensions ['ros']
[0.177s] Level 1:colcon.colcon_core.package_identification:_identify(src/grupo07_robot_kinematics) by extension 'ros'
[0.177s] DEBUG:colcon.colcon_core.package_identification:Package 'src/grupo07_robot_kinematics' with type 'ros.ament_python' and name 'grupo07_robot_kinematics'
[0.177s] Level 1:colcon.colcon_core.package_identification:_identify(src/kuka_robot_descriptions) by extensions ['ignore', 'ignore_ament_install']
[0.177s] Level 1:colcon.colcon_core.package_identification:_identify(src/kuka_robot_descriptions) by extension 'ignore'
[0.178s] Level 1:colcon.colcon_core.package_identification:_identify(src/kuka_robot_descriptions) by extension 'ignore_ament_install'
[0.178s] Level 1:colcon.colcon_core.package_identification:_identify(src/kuka_robot_descriptions) by extensions ['colcon_pkg']
[0.178s] Level 1:colcon.colcon_core.package_identification:_identify(src/kuka_robot_descriptions) by extension 'colcon_pkg'
[0.178s] Level 1:colcon.colcon_core.package_identification:_identify(src/kuka_robot_descriptions) by extensions ['colcon_meta']
[0.178s] Level 1:colcon.colcon_core.package_identification:_identify(src/kuka_robot_descriptions) by extension 'colcon_meta'
[0.178s] Level 1:colcon.colcon_core.package_identification:_identify(src/kuka_robot_descriptions) by extensions ['ros']
[0.178s] Level 1:colcon.colcon_core.package_identification:_identify(src/kuka_robot_descriptions) by extension 'ros'
[0.178s] Level 1:colcon.colcon_core.package_identification:_identify(src/kuka_robot_descriptions) by extensions ['cmake', 'python']
[0.178s] Level 1:colcon.colcon_core.package_identification:_identify(src/kuka_robot_descriptions) by extension 'cmake'
[0.178s] Level 1:colcon.colcon_core.package_identification:_identify(src/kuka_robot_descriptions) by extension 'python'
[0.178s] Level 1:colcon.colcon_core.package_identification:_identify(src/kuka_robot_descriptions) by extensions ['python_setup_py']
[0.178s] Level 1:colcon.colcon_core.package_identification:_identify(src/kuka_robot_descriptions) by extension 'python_setup_py'
[0.178s] Level 1:colcon.colcon_core.package_identification:_identify(src/kuka_robot_descriptions/kuka_agilus_support) by extensions ['ignore', 'ignore_ament_install']
[0.178s] Level 1:colcon.colcon_core.package_identification:_identify(src/kuka_robot_descriptions/kuka_agilus_support) by extension 'ignore'
[0.178s] Level 1:colcon.colcon_core.package_identification:_identify(src/kuka_robot_descriptions/kuka_agilus_support) by extension 'ignore_ament_install'
[0.178s] Level 1:colcon.colcon_core.package_identification:_identify(src/kuka_robot_descriptions/kuka_agilus_support) by extensions ['colcon_pkg']
[0.178s] Level 1:colcon.colcon_core.package_identification:_identify(src/kuka_robot_descriptions/kuka_agilus_support) by extension 'colcon_pkg'
[0.178s] Level 1:colcon.colcon_core.package_identification:_identify(src/kuka_robot_descriptions/kuka_agilus_support) by extensions ['colcon_meta']
[0.178s] Level 1:colcon.colcon_core.package_identification:_identify(src/kuka_robot_descriptions/kuka_agilus_support) by extension 'colcon_meta'
[0.179s] Level 1:colcon.colcon_core.package_identification:_identify(src/kuka_robot_descriptions/kuka_agilus_support) by extensions ['ros']
[0.179s] Level 1:colcon.colcon_core.package_identification:_identify(src/kuka_robot_descriptions/kuka_agilus_support) by extension 'ros'
[0.179s] DEBUG:colcon.colcon_core.package_identification:Package 'src/kuka_robot_descriptions/kuka_agilus_support' with type 'ros.ament_cmake' and name 'kuka_agilus_support'
[0.179s] Level 1:colcon.colcon_core.package_identification:_identify(src/kuka_robot_descriptions/kuka_resources) by extensions ['ignore', 'ignore_ament_install']
[0.179s] Level 1:colcon.colcon_core.package_identification:_identify(src/kuka_robot_descriptions/kuka_resources) by extension 'ignore'
[0.179s] Level 1:colcon.colcon_core.package_identification:_identify(src/kuka_robot_descriptions/kuka_resources) by extension 'ignore_ament_install'
[0.179s] Level 1:colcon.colcon_core.package_identification:_identify(src/kuka_robot_descriptions/kuka_resources) by extensions ['colcon_pkg']
[0.179s] Level 1:colcon.colcon_core.package_identification:_identify(src/kuka_robot_descriptions/kuka_resources) by extension 'colcon_pkg'
[0.179s] Level 1:colcon.colcon_core.package_identification:_identify(src/kuka_robot_descriptions/kuka_resources) by extensions ['colcon_meta']
[0.179s] Level 1:colcon.colcon_core.package_identification:_identify(src/kuka_robot_descriptions/kuka_resources) by extension 'colcon_meta'
[0.180s] Level 1:colcon.colcon_core.package_identification:_identify(src/kuka_robot_descriptions/kuka_resources) by extensions ['ros']
[0.180s] Level 1:colcon.colcon_core.package_identification:_identify(src/kuka_robot_descriptions/kuka_resources) by extension 'ros'
[0.180s] DEBUG:colcon.colcon_core.package_identification:Package 'src/kuka_robot_descriptions/kuka_resources' with type 'ros.ament_cmake' and name 'kuka_resources'
[0.180s] Level 1:colcon.colcon_core.package_discovery:discover_packages(recursive) using defaults
[0.180s] Level 1:colcon.colcon_core.package_discovery:discover_packages(ignore) discover
[0.180s] Level 1:colcon.colcon_core.package_discovery:discover_packages(ignore) using defaults
[0.180s] Level 1:colcon.colcon_core.package_discovery:discover_packages(path) discover
[0.180s] Level 1:colcon.colcon_core.package_discovery:discover_packages(path) using defaults
[0.199s] Level 1:colcon.colcon_core.package_discovery:discover_packages(prefix_path) check parameters
[0.199s] Level 1:colcon.colcon_core.package_discovery:discover_packages(prefix_path) discover
[0.203s] DEBUG:colcon.colcon_installed_package_information.package_discovery:Found 5 installed packages in /home/alex/Desktop/Robot/grupo_07_kuka_kr7_r900_3_ws/install
[0.204s] DEBUG:colcon.colcon_installed_package_information.package_discovery:Found 21 installed packages in /home/alex/Desktop/Robotica/ros2_ws/install
[0.205s] DEBUG:colcon.colcon_installed_package_information.package_discovery:Found 21 installed packages in /home/alex/Desktop/Robotica/ros2_ws/src/install
[0.208s] DEBUG:colcon.colcon_installed_package_information.package_discovery:Found 493 installed packages in /opt/ros/jazzy
[0.210s] Level 1:colcon.colcon_core.package_discovery:discover_packages(prefix_path) using defaults
[0.290s] Level 5:colcon.colcon_core.verb:set package 'grupo07_kuka_kr7_kinematics' build argument 'cmake_args' from command line to 'None'
[0.290s] Level 5:colcon.colcon_core.verb:set package 'grupo07_kuka_kr7_kinematics' build argument 'cmake_target' from command line to 'None'
[0.290s] Level 5:colcon.colcon_core.verb:set package 'grupo07_kuka_kr7_kinematics' build argument 'cmake_target_skip_unavailable' from command line to 'False'
[0.290s] Level 5:colcon.colcon_core.verb:set package 'grupo07_kuka_kr7_kinematics' build argument 'cmake_clean_cache' from command line to 'False'
[0.290s] Level 5:colcon.colcon_core.verb:set package 'grupo07_kuka_kr7_kinematics' build argument 'cmake_clean_first' from command line to 'False'
[0.290s] Level 5:colcon.colcon_core.verb:set package 'grupo07_kuka_kr7_kinematics' build argument 'cmake_force_configure' from command line to 'False'
[0.290s] Level 5:colcon.colcon_core.verb:set package 'grupo07_kuka_kr7_kinematics' build argument 'ament_cmake_args' from command line to 'None'
[0.290s] Level 5:colcon.colcon_core.verb:set package 'grupo07_kuka_kr7_kinematics' build argument 'catkin_cmake_args' from command line to 'None'
[0.290s] Level 5:colcon.colcon_core.verb:set package 'grupo07_kuka_kr7_kinematics' build argument 'catkin_skip_building_tests' from command line to 'False'
[0.290s] DEBUG:colcon.colcon_core.verb:Building package 'grupo07_kuka_kr7_kinematics' with the following arguments: {'ament_cmake_args': None, 'build_base': '/home/alex/Desktop/Robot/grupo_07_kuka_kr7_r900_3_ws/build/grupo07_kuka_kr7_kinematics', 'catkin_cmake_args': None, 'catkin_skip_building_tests': False, 'cmake_args': None, 'cmake_clean_cache': False, 'cmake_clean_first': False, 'cmake_force_configure': False, 'cmake_target': None, 'cmake_target_skip_unavailable': False, 'install_base': '/home/alex/Desktop/Robot/grupo_07_kuka_kr7_r900_3_ws/install/grupo07_kuka_kr7_kinematics', 'merge_install': False, 'path': '/home/alex/Desktop/Robot/grupo_07_kuka_kr7_r900_3_ws/src/grupo07_kuka_kr7_kinematics', 'symlink_install': False, 'test_result_base': None}
[0.290s] Level 5:colcon.colcon_core.verb:set package 'grupo07_robot_kinematics' build argument 'cmake_args' from command line to 'None'
[0.290s] Level 5:colcon.colcon_core.verb:set package 'grupo07_robot_kinematics' build argument 'cmake_target' from command line to 'None'
[0.290s] Level 5:colcon.colcon_core.verb:set package 'grupo07_robot_kinematics' build argument 'cmake_target_skip_unavailable' from command line to 'False'
[0.290s] Level 5:colcon.colcon_core.verb:set package 'grupo07_robot_kinematics' build argument 'cmake_clean_cache' from command line to 'False'
[0.290s] Level 5:colcon.colcon_core.verb:set package 'grupo07_robot_kinematics' build argument 'cmake_clean_first' from command line to 'False'
[0.290s] Level 5:colcon.colcon_core.verb:set package 'grupo07_robot_kinematics' build argument 'cmake_force_configure' from command line to 'False'
[0.290s] Level 5:colcon.colcon_core.verb:set package 'grupo07_robot_kinematics' build argument 'ament_cmake_args' from command line to 'None'
[0.291s] Level 5:colcon.colcon_core.verb:set package 'grupo07_robot_kinematics' build argument 'catkin_cmake_args' from command line to 'None'
[0.291s] Level 5:colcon.colcon_core.verb:set package 'grupo07_robot_kinematics' build argument 'catkin_skip_building_tests' from command line to 'False'
[0.291s] DEBUG:colcon.colcon_core.verb:Building package 'grupo07_robot_kinematics' with the following arguments: {'ament_cmake_args': None, 'build_base': '/home/alex/Desktop/Robot/grupo_07_kuka_kr7_r900_3_ws/build/grupo07_robot_kinematics', 'catkin_cmake_args': None, 'catkin_skip_building_tests': False, 'cmake_args': None, 'cmake_clean_cache': False, 'cmake_clean_first': False, 'cmake_force_configure': False, 'cmake_target': None, 'cmake_target_skip_unavailable': False, 'install_base': '/home/alex/Desktop/Robot/grupo_07_kuka_kr7_r900_3_ws/install/grupo07_robot_kinematics', 'merge_install': False, 'path': '/home/alex/Desktop/Robot/grupo_07_kuka_kr7_r900_3_ws/src/grupo07_robot_kinematics', 'symlink_install': False, 'test_result_base': None}
[0.291s] Level 5:colcon.colcon_core.verb:set package 'kuka_resources' build argument 'cmake_args' from command line to 'None'
[0.291s] Level 5:colcon.colcon_core.verb:set package 'kuka_resources' build argument 'cmake_target' from command line to 'None'
[0.291s] Level 5:colcon.colcon_core.verb:set package 'kuka_resources' build argument 'cmake_target_skip_unavailable' from command line to 'False'
[0.291s] Level 5:colcon.colcon_core.verb:set package 'kuka_resources' build argument 'cmake_clean_cache' from command line to 'False'
[0.291s] Level 5:colcon.colcon_core.verb:set package 'kuka_resources' build argument 'cmake_clean_first' from command line to 'False'
[0.291s] Level 5:colcon.colcon_core.verb:set package 'kuka_resources' build argument 'cmake_force_configure' from command line to 'False'
[0.291s] Level 5:colcon.colcon_core.verb:set package 'kuka_resources' build argument 'ament_cmake_args' from command line to 'None'
[0.291s] Level 5:colcon.colcon_core.verb:set package 'kuka_resources' build argument 'catkin_cmake_args' from command line to 'None'
[0.291s] Level 5:colcon.colcon_core.verb:set package 'kuka_resources' build argument 'catkin_skip_building_tests' from command line to 'False'
[0.291s] DEBUG:colcon.colcon_core.verb:Building package 'kuka_resources' with the following arguments: {'ament_cmake_args': None, 'build_base': '/home/alex/Desktop/Robot/grupo_07_kuka_kr7_r900_3_ws/build/kuka_resources', 'catkin_cmake_args': None, 'catkin_skip_building_tests': False, 'cmake_args': None, 'cmake_clean_cache': False, 'cmake_clean_first': False, 'cmake_force_configure': False, 'cmake_target': None, 'cmake_target_skip_unavailable': False, 'install_base': '/home/alex/Desktop/Robot/grupo_07_kuka_kr7_r900_3_ws/install/kuka_resources', 'merge_install': False, 'path': '/home/alex/Desktop/Robot/grupo_07_kuka_kr7_r900_3_ws/src/kuka_robot_descriptions/kuka_resources', 'symlink_install': False, 'test_result_base': None}
[0.291s] Level 5:colcon.colcon_core.verb:set package 'kuka_agilus_support' build argument 'cmake_args' from command line to 'None'
[0.291s] Level 5:colcon.colcon_core.verb:set package 'kuka_agilus_support' build argument 'cmake_target' from command line to 'None'
[0.292s] Level 5:colcon.colcon_core.verb:set package 'kuka_agilus_support' build argument 'cmake_target_skip_unavailable' from command line to 'False'
[0.292s] Level 5:colcon.colcon_core.verb:set package 'kuka_agilus_support' build argument 'cmake_clean_cache' from command line to 'False'
[0.292s] Level 5:colcon.colcon_core.verb:set package 'kuka_agilus_support' build argument 'cmake_clean_first' from command line to 'False'
[0.292s] Level 5:colcon.colcon_core.verb:set package 'kuka_agilus_support' build argument 'cmake_force_configure' from command line to 'False'
[0.292s] Level 5:colcon.colcon_core.verb:set package 'kuka_agilus_support' build argument 'ament_cmake_args' from command line to 'None'
[0.292s] Level 5:colcon.colcon_core.verb:set package 'kuka_agilus_support' build argument 'catkin_cmake_args' from command line to 'None'
[0.292s] Level 5:colcon.colcon_core.verb:set package 'kuka_agilus_support' build argument 'catkin_skip_building_tests' from command line to 'False'
[0.292s] DEBUG:colcon.colcon_core.verb:Building package 'kuka_agilus_support' with the following arguments: {'ament_cmake_args': None, 'build_base': '/home/alex/Desktop/Robot/grupo_07_kuka_kr7_r900_3_ws/build/kuka_agilus_support', 'catkin_cmake_args': None, 'catkin_skip_building_tests': False, 'cmake_args': None, 'cmake_clean_cache': False, 'cmake_clean_first': False, 'cmake_force_configure': False, 'cmake_target': None, 'cmake_target_skip_unavailable': False, 'install_base': '/home/alex/Desktop/Robot/grupo_07_kuka_kr7_r900_3_ws/install/kuka_agilus_support', 'merge_install': False, 'path': '/home/alex/Desktop/Robot/grupo_07_kuka_kr7_r900_3_ws/src/kuka_robot_descriptions/kuka_agilus_support', 'symlink_install': False, 'test_result_base': None}
[0.292s] Level 5:colcon.colcon_core.verb:set package 'grupo07_kuka_kr7_bringup' build argument 'cmake_args' from command line to 'None'
[0.292s] Level 5:colcon.colcon_core.verb:set package 'grupo07_kuka_kr7_bringup' build argument 'cmake_target' from command line to 'None'
[0.292s] Level 5:colcon.colcon_core.verb:set package 'grupo07_kuka_kr7_bringup' build argument 'cmake_target_skip_unavailable' from command line to 'False'
[0.292s] Level 5:colcon.colcon_core.verb:set package 'grupo07_kuka_kr7_bringup' build argument 'cmake_clean_cache' from command line to 'False'
[0.292s] Level 5:colcon.colcon_core.verb:set package 'grupo07_kuka_kr7_bringup' build argument 'cmake_clean_first' from command line to 'False'
[0.292s] Level 5:colcon.colcon_core.verb:set package 'grupo07_kuka_kr7_bringup' build argument 'cmake_force_configure' from command line to 'False'
[0.292s] Level 5:colcon.colcon_core.verb:set package 'grupo07_kuka_kr7_bringup' build argument 'ament_cmake_args' from command line to 'None'
[0.292s] Level 5:colcon.colcon_core.verb:set package 'grupo07_kuka_kr7_bringup' build argument 'catkin_cmake_args' from command line to 'None'
[0.292s] Level 5:colcon.colcon_core.verb:set package 'grupo07_kuka_kr7_bringup' build argument 'catkin_skip_building_tests' from command line to 'False'
[0.292s] DEBUG:colcon.colcon_core.verb:Building package 'grupo07_kuka_kr7_bringup' with the following arguments: {'ament_cmake_args': None, 'build_base': '/home/alex/Desktop/Robot/grupo_07_kuka_kr7_r900_3_ws/build/grupo07_kuka_kr7_bringup', 'catkin_cmake_args': None, 'catkin_skip_building_tests': False, 'cmake_args': None, 'cmake_clean_cache': False, 'cmake_clean_first': False, 'cmake_force_configure': False, 'cmake_target': None, 'cmake_target_skip_unavailable': False, 'install_base': '/home/alex/Desktop/Robot/grupo_07_kuka_kr7_r900_3_ws/install/grupo07_kuka_kr7_bringup', 'merge_install': False, 'path': '/home/alex/Desktop/Robot/grupo_07_kuka_kr7_r900_3_ws/src/grupo07_kuka_kr7_bringup', 'symlink_install': False, 'test_result_base': None}
[0.292s] INFO:colcon.colcon_core.executor:Executing jobs using 'parallel' executor
[0.293s] DEBUG:colcon.colcon_parallel_executor.executor.parallel:run_until_complete
[0.294s] INFO:colcon.colcon_ros.task.ament_cmake.build:Building ROS package in '/home/alex/Desktop/Robot/grupo_07_kuka_kr7_r900_3_ws/src/kuka_robot_descriptions/kuka_resources' with build type 'ament_cmake'
[0.294s] INFO:colcon.colcon_cmake.task.cmake.build:Building CMake package in '/home/alex/Desktop/Robot/grupo_07_kuka_kr7_r900_3_ws/src/kuka_robot_descriptions/kuka_resources'
[0.296s] INFO:colcon.colcon_core.plugin_system:Skipping extension 'colcon_core.shell.bat': Not used on non-Windows systems
[0.296s] INFO:colcon.colcon_core.shell:Skip shell extension 'powershell' for command environment: Not usable outside of PowerShell
[0.296s] DEBUG:colcon.colcon_core.shell:Skip shell extension 'dsv' for command environment
[0.303s] INFO:colcon.colcon_ros.task.ament_python.build:Building ROS package in '/home/alex/Desktop/Robot/grupo_07_kuka_kr7_r900_3_ws/src/grupo07_kuka_kr7_kinematics' with build type 'ament_python'
[0.303s] Level 1:colcon.colcon_core.shell:create_environment_hook('grupo07_kuka_kr7_kinematics', 'ament_prefix_path')
[0.303s] INFO:colcon.colcon_core.shell:Creating environment hook '/home/alex/Desktop/Robot/grupo_07_kuka_kr7_r900_3_ws/install/grupo07_kuka_kr7_kinematics/share/grupo07_kuka_kr7_kinematics/hook/ament_prefix_path.ps1'
[0.304s] INFO:colcon.colcon_core.shell:Creating environment descriptor '/home/alex/Desktop/Robot/grupo_07_kuka_kr7_r900_3_ws/install/grupo07_kuka_kr7_kinematics/share/grupo07_kuka_kr7_kinematics/hook/ament_prefix_path.dsv'
[0.304s] INFO:colcon.colcon_core.shell:Creating environment hook '/home/alex/Desktop/Robot/grupo_07_kuka_kr7_r900_3_ws/install/grupo07_kuka_kr7_kinematics/share/grupo07_kuka_kr7_kinematics/hook/ament_prefix_path.sh'
[0.305s] INFO:colcon.colcon_core.shell:Skip shell extension 'powershell' for command environment: Not usable outside of PowerShell
[0.305s] DEBUG:colcon.colcon_core.shell:Skip shell extension 'dsv' for command environment
[0.312s] INFO:colcon.colcon_ros.task.ament_python.build:Building ROS package in '/home/alex/Desktop/Robot/grupo_07_kuka_kr7_r900_3_ws/src/grupo07_robot_kinematics' with build type 'ament_python'
[0.313s] Level 1:colcon.colcon_core.shell:create_environment_hook('grupo07_robot_kinematics', 'ament_prefix_path')
[0.313s] INFO:colcon.colcon_core.shell:Creating environment hook '/home/alex/Desktop/Robot/grupo_07_kuka_kr7_r900_3_ws/install/grupo07_robot_kinematics/share/grupo07_robot_kinematics/hook/ament_prefix_path.ps1'
[0.313s] INFO:colcon.colcon_core.shell:Creating environment descriptor '/home/alex/Desktop/Robot/grupo_07_kuka_kr7_r900_3_ws/install/grupo07_robot_kinematics/share/grupo07_robot_kinematics/hook/ament_prefix_path.dsv'
[0.313s] INFO:colcon.colcon_core.shell:Creating environment hook '/home/alex/Desktop/Robot/grupo_07_kuka_kr7_r900_3_ws/install/grupo07_robot_kinematics/share/grupo07_robot_kinematics/hook/ament_prefix_path.sh'
[0.314s] INFO:colcon.colcon_core.shell:Skip shell extension 'powershell' for command environment: Not usable outside of PowerShell
[0.314s] DEBUG:colcon.colcon_core.shell:Skip shell extension 'dsv' for command environment
[0.325s] DEBUG:colcon.colcon_core.event_handler.log_command:Invoking command in '/home/alex/Desktop/Robot/grupo_07_kuka_kr7_r900_3_ws/build/kuka_resources': CMAKE_PREFIX_PATH=${CMAKE_PREFIX_PATH}:/home/alex/Desktop/Robot/grupo_07_kuka_kr7_r900_3_ws/install/grupo07_robot_kinematics:/home/alex/Desktop/Robot/grupo_07_kuka_kr7_r900_3_ws/install/grupo07_kuka_kr7_kinematics:/home/alex/Desktop/Robotica/ros2_ws/install/turtlebot_services:/home/alex/Desktop/Robotica/ros2_ws/install/turtlebot3_teleop:/home/alex/Desktop/Robotica/ros2_ws/install/turtlebot3_tasks:/home/alex/Desktop/Robotica/ros2_ws/install/turtlebot3_systems:/home/alex/Desktop/Robotica/ros2_ws/install/turtlebot3_example:/home/alex/Desktop/Robotica/ros2_ws/install/turtlebot3_autorace:/home/alex/Desktop/Robotica/ros2_ws/src/install/turtlebot_services:/home/alex/Desktop/Robotica/ros2_ws/src/install/turtlebot3_teleop:/home/alex/Desktop/Robotica/ros2_ws/src/install/turtlebot3_tasks:/home/alex/Desktop/Robotica/ros2_ws/src/install/turtlebot3_systems:/home/alex/Desktop/Robotica/ros2_ws/src/install/turtlebot3_example:/home/alex/Desktop/Robotica/ros2_ws/src/install/turtlebot3_autorace:/opt/ros/jazzy DEBUGINFOD_URLS=https://debuginfod.ubuntu.com PS1=[ROSLAB d43] \u@\h:\w$ /usr/bin/cmake --build /home/alex/Desktop/Robot/grupo_07_kuka_kr7_r900_3_ws/build/kuka_resources -- -j16 -l16
[0.525s] INFO:colcon.colcon_core.task.python.build:Building Python package in '/home/alex/Desktop/Robot/grupo_07_kuka_kr7_r900_3_ws/src/grupo07_kuka_kr7_kinematics'
[0.525s] INFO:colcon.colcon_core.shell:Skip shell extension 'powershell' for command environment: Not usable outside of PowerShell
[0.525s] DEBUG:colcon.colcon_core.shell:Skip shell extension 'dsv' for command environment
[0.747s] INFO:colcon.colcon_core.task.python.build:Building Python package in '/home/alex/Desktop/Robot/grupo_07_kuka_kr7_r900_3_ws/src/grupo07_robot_kinematics'
[0.747s] INFO:colcon.colcon_core.shell:Skip shell extension 'powershell' for command environment: Not usable outside of PowerShell
[0.747s] DEBUG:colcon.colcon_core.shell:Skip shell extension 'dsv' for command environment
[0.755s] DEBUG:colcon.colcon_core.event_handler.log_command:Invoked command in '/home/alex/Desktop/Robot/grupo_07_kuka_kr7_r900_3_ws/build/kuka_resources' returned '0': CMAKE_PREFIX_PATH=${CMAKE_PREFIX_PATH}:/home/alex/Desktop/Robot/grupo_07_kuka_kr7_r900_3_ws/install/grupo07_robot_kinematics:/home/alex/Desktop/Robot/grupo_07_kuka_kr7_r900_3_ws/install/grupo07_kuka_kr7_kinematics:/home/alex/Desktop/Robotica/ros2_ws/install/turtlebot_services:/home/alex/Desktop/Robotica/ros2_ws/install/turtlebot3_teleop:/home/alex/Desktop/Robotica/ros2_ws/install/turtlebot3_tasks:/home/alex/Desktop/Robotica/ros2_ws/install/turtlebot3_systems:/home/alex/Desktop/Robotica/ros2_ws/install/turtlebot3_example:/home/alex/Desktop/Robotica/ros2_ws/install/turtlebot3_autorace:/home/alex/Desktop/Robotica/ros2_ws/src/install/turtlebot_services:/home/alex/Desktop/Robotica/ros2_ws/src/install/turtlebot3_teleop:/home/alex/Desktop/Robotica/ros2_ws/src/install/turtlebot3_tasks:/home/alex/Desktop/Robotica/ros2_ws/src/install/turtlebot3_systems:/home/alex/Desktop/Robotica/ros2_ws/src/install/turtlebot3_example:/home/alex/Desktop/Robotica/ros2_ws/src/install/turtlebot3_autorace:/opt/ros/jazzy DEBUGINFOD_URLS=https://debuginfod.ubuntu.com PS1=[ROSLAB d43] \u@\h:\w$ /usr/bin/cmake --build /home/alex/Desktop/Robot/grupo_07_kuka_kr7_r900_3_ws/build/kuka_resources -- -j16 -l16
[0.766s] DEBUG:colcon.colcon_core.event_handler.log_command:Invoking command in '/home/alex/Desktop/Robot/grupo_07_kuka_kr7_r900_3_ws/build/kuka_resources': CMAKE_PREFIX_PATH=${CMAKE_PREFIX_PATH}:/home/alex/Desktop/Robot/grupo_07_kuka_kr7_r900_3_ws/install/grupo07_robot_kinematics:/home/alex/Desktop/Robot/grupo_07_kuka_kr7_r900_3_ws/install/grupo07_kuka_kr7_kinematics:/home/alex/Desktop/Robotica/ros2_ws/install/turtlebot_services:/home/alex/Desktop/Robotica/ros2_ws/install/turtlebot3_teleop:/home/alex/Desktop/Robotica/ros2_ws/install/turtlebot3_tasks:/home/alex/Desktop/Robotica/ros2_ws/install/turtlebot3_systems:/home/alex/Desktop/Robotica/ros2_ws/install/turtlebot3_example:/home/alex/Desktop/Robotica/ros2_ws/install/turtlebot3_autorace:/home/alex/Desktop/Robotica/ros2_ws/src/install/turtlebot_services:/home/alex/Desktop/Robotica/ros2_ws/src/install/turtlebot3_teleop:/home/alex/Desktop/Robotica/ros2_ws/src/install/turtlebot3_tasks:/home/alex/Desktop/Robotica/ros2_ws/src/install/turtlebot3_systems:/home/alex/Desktop/Robotica/ros2_ws/src/install/turtlebot3_example:/home/alex/Desktop/Robotica/ros2_ws/src/install/turtlebot3_autorace:/opt/ros/jazzy DEBUGINFOD_URLS=https://debuginfod.ubuntu.com PS1=[ROSLAB d43] \u@\h:\w$ /usr/bin/cmake --install /home/alex/Desktop/Robot/grupo_07_kuka_kr7_r900_3_ws/build/kuka_resources
[0.794s] Level 1:colcon.colcon_core.environment:create_environment_scripts_only(kuka_resources)
[0.794s] DEBUG:colcon.colcon_core.event_handler.log_command:Invoked command in '/home/alex/Desktop/Robot/grupo_07_kuka_kr7_r900_3_ws/build/kuka_resources' returned '0': CMAKE_PREFIX_PATH=${CMAKE_PREFIX_PATH}:/home/alex/Desktop/Robot/grupo_07_kuka_kr7_r900_3_ws/install/grupo07_robot_kinematics:/home/alex/Desktop/Robot/grupo_07_kuka_kr7_r900_3_ws/install/grupo07_kuka_kr7_kinematics:/home/alex/Desktop/Robotica/ros2_ws/install/turtlebot_services:/home/alex/Desktop/Robotica/ros2_ws/install/turtlebot3_teleop:/home/alex/Desktop/Robotica/ros2_ws/install/turtlebot3_tasks:/home/alex/Desktop/Robotica/ros2_ws/install/turtlebot3_systems:/home/alex/Desktop/Robotica/ros2_ws/install/turtlebot3_example:/home/alex/Desktop/Robotica/ros2_ws/install/turtlebot3_autorace:/home/alex/Desktop/Robotica/ros2_ws/src/install/turtlebot_services:/home/alex/Desktop/Robotica/ros2_ws/src/install/turtlebot3_teleop:/home/alex/Desktop/Robotica/ros2_ws/src/install/turtlebot3_tasks:/home/alex/Desktop/Robotica/ros2_ws/src/install/turtlebot3_systems:/home/alex/Desktop/Robotica/ros2_ws/src/install/turtlebot3_example:/home/alex/Desktop/Robotica/ros2_ws/src/install/turtlebot3_autorace:/opt/ros/jazzy DEBUGINFOD_URLS=https://debuginfod.ubuntu.com PS1=[ROSLAB d43] \u@\h:\w$ /usr/bin/cmake --install /home/alex/Desktop/Robot/grupo_07_kuka_kr7_r900_3_ws/build/kuka_resources
[0.797s] Level 1:colcon.colcon_core.environment:checking '/home/alex/Desktop/Robot/grupo_07_kuka_kr7_r900_3_ws/install/kuka_resources' for CMake module files
[0.797s] Level 1:colcon.colcon_core.environment:checking '/home/alex/Desktop/Robot/grupo_07_kuka_kr7_r900_3_ws/install/kuka_resources' for CMake config files
[0.797s] Level 1:colcon.colcon_core.shell:create_environment_hook('kuka_resources', 'cmake_prefix_path')
[0.798s] INFO:colcon.colcon_core.shell:Creating environment hook '/home/alex/Desktop/Robot/grupo_07_kuka_kr7_r900_3_ws/install/kuka_resources/share/kuka_resources/hook/cmake_prefix_path.ps1'
[0.798s] INFO:colcon.colcon_core.shell:Creating environment descriptor '/home/alex/Desktop/Robot/grupo_07_kuka_kr7_r900_3_ws/install/kuka_resources/share/kuka_resources/hook/cmake_prefix_path.dsv'
[0.799s] INFO:colcon.colcon_core.shell:Creating environment hook '/home/alex/Desktop/Robot/grupo_07_kuka_kr7_r900_3_ws/install/kuka_resources/share/kuka_resources/hook/cmake_prefix_path.sh'
[0.799s] Level 1:colcon.colcon_core.environment:checking '/home/alex/Desktop/Robot/grupo_07_kuka_kr7_r900_3_ws/install/kuka_resources/bin'
[0.799s] Level 1:colcon.colcon_core.environment:checking '/home/alex/Desktop/Robot/grupo_07_kuka_kr7_r900_3_ws/install/kuka_resources/lib/pkgconfig/kuka_resources.pc'
[0.799s] Level 1:colcon.colcon_core.environment:checking '/home/alex/Desktop/Robot/grupo_07_kuka_kr7_r900_3_ws/install/kuka_resources/lib/python3.12/site-packages'
[0.800s] Level 1:colcon.colcon_core.environment:checking '/home/alex/Desktop/Robot/grupo_07_kuka_kr7_r900_3_ws/install/kuka_resources/bin'
[0.800s] INFO:colcon.colcon_core.shell:Creating package script '/home/alex/Desktop/Robot/grupo_07_kuka_kr7_r900_3_ws/install/kuka_resources/share/kuka_resources/package.ps1'
[0.801s] INFO:colcon.colcon_core.shell:Creating package descriptor '/home/alex/Desktop/Robot/grupo_07_kuka_kr7_r900_3_ws/install/kuka_resources/share/kuka_resources/package.dsv'
[0.801s] INFO:colcon.colcon_core.shell:Creating package script '/home/alex/Desktop/Robot/grupo_07_kuka_kr7_r900_3_ws/install/kuka_resources/share/kuka_resources/package.sh'
[0.802s] INFO:colcon.colcon_core.shell:Creating package script '/home/alex/Desktop/Robot/grupo_07_kuka_kr7_r900_3_ws/install/kuka_resources/share/kuka_resources/package.bash'
[0.802s] INFO:colcon.colcon_core.shell:Creating package script '/home/alex/Desktop/Robot/grupo_07_kuka_kr7_r900_3_ws/install/kuka_resources/share/kuka_resources/package.zsh'
[0.803s] Level 1:colcon.colcon_core.environment:create_file_with_runtime_dependencies(/home/alex/Desktop/Robot/grupo_07_kuka_kr7_r900_3_ws/install/kuka_resources/share/colcon-core/packages/kuka_resources)
[0.803s] Level 1:colcon.colcon_core.environment:create_environment_scripts_only(kuka_resources)
[0.803s] Level 1:colcon.colcon_core.environment:checking '/home/alex/Desktop/Robot/grupo_07_kuka_kr7_r900_3_ws/install/kuka_resources' for CMake module files
[0.804s] Level 1:colcon.colcon_core.environment:checking '/home/alex/Desktop/Robot/grupo_07_kuka_kr7_r900_3_ws/install/kuka_resources' for CMake config files
[0.804s] Level 1:colcon.colcon_core.shell:create_environment_hook('kuka_resources', 'cmake_prefix_path')
[0.804s] INFO:colcon.colcon_core.shell:Creating environment hook '/home/alex/Desktop/Robot/grupo_07_kuka_kr7_r900_3_ws/install/kuka_resources/share/kuka_resources/hook/cmake_prefix_path.ps1'
[0.805s] INFO:colcon.colcon_core.shell:Creating environment descriptor '/home/alex/Desktop/Robot/grupo_07_kuka_kr7_r900_3_ws/install/kuka_resources/share/kuka_resources/hook/cmake_prefix_path.dsv'
[0.805s] INFO:colcon.colcon_core.shell:Creating environment hook '/home/alex/Desktop/Robot/grupo_07_kuka_kr7_r900_3_ws/install/kuka_resources/share/kuka_resources/hook/cmake_prefix_path.sh'
[0.806s] Level 1:colcon.colcon_core.environment:checking '/home/alex/Desktop/Robot/grupo_07_kuka_kr7_r900_3_ws/install/kuka_resources/bin'
[0.806s] Level 1:colcon.colcon_core.environment:checking '/home/alex/Desktop/Robot/grupo_07_kuka_kr7_r900_3_ws/install/kuka_resources/lib/pkgconfig/kuka_resources.pc'
[0.806s] Level 1:colcon.colcon_core.environment:checking '/home/alex/Desktop/Robot/grupo_07_kuka_kr7_r900_3_ws/install/kuka_resources/lib/python3.12/site-packages'
[0.806s] Level 1:colcon.colcon_core.environment:checking '/home/alex/Desktop/Robot/grupo_07_kuka_kr7_r900_3_ws/install/kuka_resources/bin'
[0.806s] INFO:colcon.colcon_core.shell:Creating package script '/home/alex/Desktop/Robot/grupo_07_kuka_kr7_r900_3_ws/install/kuka_resources/share/kuka_resources/package.ps1'
[0.807s] INFO:colcon.colcon_core.shell:Creating package descriptor '/home/alex/Desktop/Robot/grupo_07_kuka_kr7_r900_3_ws/install/kuka_resources/share/kuka_resources/package.dsv'
[0.807s] INFO:colcon.colcon_core.shell:Creating package script '/home/alex/Desktop/Robot/grupo_07_kuka_kr7_r900_3_ws/install/kuka_resources/share/kuka_resources/package.sh'
[0.808s] INFO:colcon.colcon_core.shell:Creating package script '/home/alex/Desktop/Robot/grupo_07_kuka_kr7_r900_3_ws/install/kuka_resources/share/kuka_resources/package.bash'
[0.808s] INFO:colcon.colcon_core.shell:Creating package script '/home/alex/Desktop/Robot/grupo_07_kuka_kr7_r900_3_ws/install/kuka_resources/share/kuka_resources/package.zsh'
[0.809s] Level 1:colcon.colcon_core.environment:create_file_with_runtime_dependencies(/home/alex/Desktop/Robot/grupo_07_kuka_kr7_r900_3_ws/install/kuka_resources/share/colcon-core/packages/kuka_resources)
[0.809s] INFO:colcon.colcon_ros.task.ament_cmake.build:Building ROS package in '/home/alex/Desktop/Robot/grupo_07_kuka_kr7_r900_3_ws/src/kuka_robot_descriptions/kuka_agilus_support' with build type 'ament_cmake'
[0.809s] INFO:colcon.colcon_cmake.task.cmake.build:Building CMake package in '/home/alex/Desktop/Robot/grupo_07_kuka_kr7_r900_3_ws/src/kuka_robot_descriptions/kuka_agilus_support'
[0.809s] INFO:colcon.colcon_core.shell:Skip shell extension 'powershell' for command environment: Not usable outside of PowerShell
[0.809s] DEBUG:colcon.colcon_core.shell:Skip shell extension 'dsv' for command environment
[0.823s] DEBUG:colcon.colcon_core.event_handler.log_command:Invoking command in '/home/alex/Desktop/Robot/grupo_07_kuka_kr7_r900_3_ws/build/kuka_agilus_support': CMAKE_PREFIX_PATH=/home/alex/Desktop/Robot/grupo_07_kuka_kr7_r900_3_ws/install/kuka_resources:/home/alex/Desktop/Robot/grupo_07_kuka_kr7_r900_3_ws/install/grupo07_kuka_kr7_bringup:/home/alex/Desktop/Robot/grupo_07_kuka_kr7_r900_3_ws/install/kuka_agilus_support:/home/alex/Desktop/Robotica/ros2_ws/install/turtlebot_services_interfaces:/home/alex/Desktop/Robotica/ros2_ws/install/turtlebot3:/home/alex/Desktop/Robotica/ros2_ws/install/turtlebot3_simulations:/home/alex/Desktop/Robotica/ros2_ws/install/turtlebot3_bringup:/home/alex/Desktop/Robotica/ros2_ws/install/turtlebot3_node:/home/alex/Desktop/Robotica/ros2_ws/install/turtlebot3_navigation2:/home/alex/Desktop/Robotica/ros2_ws/install/turtlebot3_fake_node:/home/alex/Desktop/Robotica/ros2_ws/install/turtlebot3_msgs:/home/alex/Desktop/Robotica/ros2_ws/install/turtlebot3_autorace_jazzy:/home/alex/Desktop/Robotica/ros2_ws/install/turtlebot3_gazebo:/home/alex/Desktop/Robotica/ros2_ws/install/turtlebot3_description:/home/alex/Desktop/Robotica/ros2_ws/install/turtlebot3_cartographer:/home/alex/Desktop/Robotica/ros2_ws/install/dynamixel_sdk_examples:/home/alex/Desktop/Robotica/ros2_ws/install/dynamixel_sdk_custom_interfaces:/home/alex/Desktop/Robotica/ros2_ws/install/dynamixel_sdk:/home/alex/Desktop/Robotica/ros2_ws/src/install/turtlebot_services_interfaces:/home/alex/Desktop/Robotica/ros2_ws/src/install/turtlebot3:/home/alex/Desktop/Robotica/ros2_ws/src/install/turtlebot3_simulations:/home/alex/Desktop/Robotica/ros2_ws/src/install/turtlebot3_bringup:/home/alex/Desktop/Robotica/ros2_ws/src/install/turtlebot3_node:/home/alex/Desktop/Robotica/ros2_ws/src/install/turtlebot3_navigation2:/home/alex/Desktop/Robotica/ros2_ws/src/install/turtlebot3_fake_node:/home/alex/Desktop/Robotica/ros2_ws/src/install/turtlebot3_msgs:/home/alex/Desktop/Robotica/ros2_ws/src/install/turtlebot3_autorace_jazzy:/home/alex/Desktop/Robotica/ros2_ws/src/install/turtlebot3_gazebo:/home/alex/Desktop/Robotica/ros2_ws/src/install/turtlebot3_description:/home/alex/Desktop/Robotica/ros2_ws/src/install/turtlebot3_cartographer:/home/alex/Desktop/Robotica/ros2_ws/src/install/dynamixel_sdk_examples:/home/alex/Desktop/Robotica/ros2_ws/src/install/dynamixel_sdk_custom_interfaces:/home/alex/Desktop/Robotica/ros2_ws/src/install/dynamixel_sdk:/opt/ros/jazzy/opt/gz_sim_vendor:/opt/ros/jazzy/opt/gz_sensors_vendor:/opt/ros/jazzy/opt/gz_physics_vendor:/opt/ros/jazzy/opt/sdformat_vendor:/opt/ros/jazzy/opt/gz_gui_vendor:/opt/ros/jazzy/opt/gz_transport_vendor:/opt/ros/jazzy/opt/gz_rendering_vendor:/opt/ros/jazzy/opt/gz_plugin_vendor:/opt/ros/jazzy/opt/gz_fuel_tools_vendor:/opt/ros/jazzy/opt/gz_msgs_vendor:/opt/ros/jazzy/opt/gz_common_vendor:/opt/ros/jazzy/opt/gz_math_vendor:/opt/ros/jazzy/opt/gz_utils_vendor:/opt/ros/jazzy/opt/gz_tools_vendor:/opt/ros/jazzy/opt/gz_ogre_next_vendor:/opt/ros/jazzy/opt/gz_dartsim_vendor:/opt/ros/jazzy/opt/gz_cmake_vendor:/home/alex/Desktop/Robot/grupo_07_kuka_kr7_r900_3_ws/install/grupo07_robot_kinematics:/home/alex/Desktop/Robot/grupo_07_kuka_kr7_r900_3_ws/install/grupo07_kuka_kr7_kinematics:/home/alex/Desktop/Robotica/ros2_ws/install/turtlebot_services:/home/alex/Desktop/Robotica/ros2_ws/install/turtlebot3_teleop:/home/alex/Desktop/Robotica/ros2_ws/install/turtlebot3_tasks:/home/alex/Desktop/Robotica/ros2_ws/install/turtlebot3_systems:/home/alex/Desktop/Robotica/ros2_ws/install/turtlebot3_example:/home/alex/Desktop/Robotica/ros2_ws/install/turtlebot3_autorace:/home/alex/Desktop/Robotica/ros2_ws/src/install/turtlebot_services:/home/alex/Desktop/Robotica/ros2_ws/src/install/turtlebot3_teleop:/home/alex/Desktop/Robotica/ros2_ws/src/install/turtlebot3_tasks:/home/alex/Desktop/Robotica/ros2_ws/src/install/turtlebot3_systems:/home/alex/Desktop/Robotica/ros2_ws/src/install/turtlebot3_example:/home/alex/Desktop/Robotica/ros2_ws/src/install/turtlebot3_autorace:/opt/ros/jazzy DEBUGINFOD_URLS=https://debuginfod.ubuntu.com PS1=[ROSLAB d43] \u@\h:\w$ /usr/bin/cmake --build /home/alex/Desktop/Robot/grupo_07_kuka_kr7_r900_3_ws/build/kuka_agilus_support -- -j16 -l16
[0.868s] DEBUG:colcon.colcon_core.event_handler.log_command:Invoked command in '/home/alex/Desktop/Robot/grupo_07_kuka_kr7_r900_3_ws/build/kuka_agilus_support' returned '0': CMAKE_PREFIX_PATH=/home/alex/Desktop/Robot/grupo_07_kuka_kr7_r900_3_ws/install/kuka_resources:/home/alex/Desktop/Robot/grupo_07_kuka_kr7_r900_3_ws/install/grupo07_kuka_kr7_bringup:/home/alex/Desktop/Robot/grupo_07_kuka_kr7_r900_3_ws/install/kuka_agilus_support:/home/alex/Desktop/Robotica/ros2_ws/install/turtlebot_services_interfaces:/home/alex/Desktop/Robotica/ros2_ws/install/turtlebot3:/home/alex/Desktop/Robotica/ros2_ws/install/turtlebot3_simulations:/home/alex/Desktop/Robotica/ros2_ws/install/turtlebot3_bringup:/home/alex/Desktop/Robotica/ros2_ws/install/turtlebot3_node:/home/alex/Desktop/Robotica/ros2_ws/install/turtlebot3_navigation2:/home/alex/Desktop/Robotica/ros2_ws/install/turtlebot3_fake_node:/home/alex/Desktop/Robotica/ros2_ws/install/turtlebot3_msgs:/home/alex/Desktop/Robotica/ros2_ws/install/turtlebot3_autorace_jazzy:/home/alex/Desktop/Robotica/ros2_ws/install/turtlebot3_gazebo:/home/alex/Desktop/Robotica/ros2_ws/install/turtlebot3_description:/home/alex/Desktop/Robotica/ros2_ws/install/turtlebot3_cartographer:/home/alex/Desktop/Robotica/ros2_ws/install/dynamixel_sdk_examples:/home/alex/Desktop/Robotica/ros2_ws/install/dynamixel_sdk_custom_interfaces:/home/alex/Desktop/Robotica/ros2_ws/install/dynamixel_sdk:/home/alex/Desktop/Robotica/ros2_ws/src/install/turtlebot_services_interfaces:/home/alex/Desktop/Robotica/ros2_ws/src/install/turtlebot3:/home/alex/Desktop/Robotica/ros2_ws/src/install/turtlebot3_simulations:/home/alex/Desktop/Robotica/ros2_ws/src/install/turtlebot3_bringup:/home/alex/Desktop/Robotica/ros2_ws/src/install/turtlebot3_node:/home/alex/Desktop/Robotica/ros2_ws/src/install/turtlebot3_navigation2:/home/alex/Desktop/Robotica/ros2_ws/src/install/turtlebot3_fake_node:/home/alex/Desktop/Robotica/ros2_ws/src/install/turtlebot3_msgs:/home/alex/Desktop/Robotica/ros2_ws/src/install/turtlebot3_autorace_jazzy:/home/alex/Desktop/Robotica/ros2_ws/src/install/turtlebot3_gazebo:/home/alex/Desktop/Robotica/ros2_ws/src/install/turtlebot3_description:/home/alex/Desktop/Robotica/ros2_ws/src/install/turtlebot3_cartographer:/home/alex/Desktop/Robotica/ros2_ws/src/install/dynamixel_sdk_examples:/home/alex/Desktop/Robotica/ros2_ws/src/install/dynamixel_sdk_custom_interfaces:/home/alex/Desktop/Robotica/ros2_ws/src/install/dynamixel_sdk:/opt/ros/jazzy/opt/gz_sim_vendor:/opt/ros/jazzy/opt/gz_sensors_vendor:/opt/ros/jazzy/opt/gz_physics_vendor:/opt/ros/jazzy/opt/sdformat_vendor:/opt/ros/jazzy/opt/gz_gui_vendor:/opt/ros/jazzy/opt/gz_transport_vendor:/opt/ros/jazzy/opt/gz_rendering_vendor:/opt/ros/jazzy/opt/gz_plugin_vendor:/opt/ros/jazzy/opt/gz_fuel_tools_vendor:/opt/ros/jazzy/opt/gz_msgs_vendor:/opt/ros/jazzy/opt/gz_common_vendor:/opt/ros/jazzy/opt/gz_math_vendor:/opt/ros/jazzy/opt/gz_utils_vendor:/opt/ros/jazzy/opt/gz_tools_vendor:/opt/ros/jazzy/opt/gz_ogre_next_vendor:/opt/ros/jazzy/opt/gz_dartsim_vendor:/opt/ros/jazzy/opt/gz_cmake_vendor:/home/alex/Desktop/Robot/grupo_07_kuka_kr7_r900_3_ws/install/grupo07_robot_kinematics:/home/alex/Desktop/Robot/grupo_07_kuka_kr7_r900_3_ws/install/grupo07_kuka_kr7_kinematics:/home/alex/Desktop/Robotica/ros2_ws/install/turtlebot_services:/home/alex/Desktop/Robotica/ros2_ws/install/turtlebot3_teleop:/home/alex/Desktop/Robotica/ros2_ws/install/turtlebot3_tasks:/home/alex/Desktop/Robotica/ros2_ws/install/turtlebot3_systems:/home/alex/Desktop/Robotica/ros2_ws/install/turtlebot3_example:/home/alex/Desktop/Robotica/ros2_ws/install/turtlebot3_autorace:/home/alex/Desktop/Robotica/ros2_ws/src/install/turtlebot_services:/home/alex/Desktop/Robotica/ros2_ws/src/install/turtlebot3_teleop:/home/alex/Desktop/Robotica/ros2_ws/src/install/turtlebot3_tasks:/home/alex/Desktop/Robotica/ros2_ws/src/install/turtlebot3_systems:/home/alex/Desktop/Robotica/ros2_ws/src/install/turtlebot3_example:/home/alex/Desktop/Robotica/ros2_ws/src/install/turtlebot3_autorace:/opt/ros/jazzy DEBUGINFOD_URLS=https://debuginfod.ubuntu.com PS1=[ROSLAB d43] \u@\h:\w$ /usr/bin/cmake --build /home/alex/Desktop/Robot/grupo_07_kuka_kr7_r900_3_ws/build/kuka_agilus_support -- -j16 -l16
[0.869s] DEBUG:colcon.colcon_core.event_handler.log_command:Invoking command in '/home/alex/Desktop/Robot/grupo_07_kuka_kr7_r900_3_ws/build/kuka_agilus_support': CMAKE_PREFIX_PATH=/home/alex/Desktop/Robot/grupo_07_kuka_kr7_r900_3_ws/install/kuka_resources:/home/alex/Desktop/Robot/grupo_07_kuka_kr7_r900_3_ws/install/grupo07_kuka_kr7_bringup:/home/alex/Desktop/Robot/grupo_07_kuka_kr7_r900_3_ws/install/kuka_agilus_support:/home/alex/Desktop/Robotica/ros2_ws/install/turtlebot_services_interfaces:/home/alex/Desktop/Robotica/ros2_ws/install/turtlebot3:/home/alex/Desktop/Robotica/ros2_ws/install/turtlebot3_simulations:/home/alex/Desktop/Robotica/ros2_ws/install/turtlebot3_bringup:/home/alex/Desktop/Robotica/ros2_ws/install/turtlebot3_node:/home/alex/Desktop/Robotica/ros2_ws/install/turtlebot3_navigation2:/home/alex/Desktop/Robotica/ros2_ws/install/turtlebot3_fake_node:/home/alex/Desktop/Robotica/ros2_ws/install/turtlebot3_msgs:/home/alex/Desktop/Robotica/ros2_ws/install/turtlebot3_autorace_jazzy:/home/alex/Desktop/Robotica/ros2_ws/install/turtlebot3_gazebo:/home/alex/Desktop/Robotica/ros2_ws/install/turtlebot3_description:/home/alex/Desktop/Robotica/ros2_ws/install/turtlebot3_cartographer:/home/alex/Desktop/Robotica/ros2_ws/install/dynamixel_sdk_examples:/home/alex/Desktop/Robotica/ros2_ws/install/dynamixel_sdk_custom_interfaces:/home/alex/Desktop/Robotica/ros2_ws/install/dynamixel_sdk:/home/alex/Desktop/Robotica/ros2_ws/src/install/turtlebot_services_interfaces:/home/alex/Desktop/Robotica/ros2_ws/src/install/turtlebot3:/home/alex/Desktop/Robotica/ros2_ws/src/install/turtlebot3_simulations:/home/alex/Desktop/Robotica/ros2_ws/src/install/turtlebot3_bringup:/home/alex/Desktop/Robotica/ros2_ws/src/install/turtlebot3_node:/home/alex/Desktop/Robotica/ros2_ws/src/install/turtlebot3_navigation2:/home/alex/Desktop/Robotica/ros2_ws/src/install/turtlebot3_fake_node:/home/alex/Desktop/Robotica/ros2_ws/src/install/turtlebot3_msgs:/home/alex/Desktop/Robotica/ros2_ws/src/install/turtlebot3_autorace_jazzy:/home/alex/Desktop/Robotica/ros2_ws/src/install/turtlebot3_gazebo:/home/alex/Desktop/Robotica/ros2_ws/src/install/turtlebot3_description:/home/alex/Desktop/Robotica/ros2_ws/src/install/turtlebot3_cartographer:/home/alex/Desktop/Robotica/ros2_ws/src/install/dynamixel_sdk_examples:/home/alex/Desktop/Robotica/ros2_ws/src/install/dynamixel_sdk_custom_interfaces:/home/alex/Desktop/Robotica/ros2_ws/src/install/dynamixel_sdk:/opt/ros/jazzy/opt/gz_sim_vendor:/opt/ros/jazzy/opt/gz_sensors_vendor:/opt/ros/jazzy/opt/gz_physics_vendor:/opt/ros/jazzy/opt/sdformat_vendor:/opt/ros/jazzy/opt/gz_gui_vendor:/opt/ros/jazzy/opt/gz_transport_vendor:/opt/ros/jazzy/opt/gz_rendering_vendor:/opt/ros/jazzy/opt/gz_plugin_vendor:/opt/ros/jazzy/opt/gz_fuel_tools_vendor:/opt/ros/jazzy/opt/gz_msgs_vendor:/opt/ros/jazzy/opt/gz_common_vendor:/opt/ros/jazzy/opt/gz_math_vendor:/opt/ros/jazzy/opt/gz_utils_vendor:/opt/ros/jazzy/opt/gz_tools_vendor:/opt/ros/jazzy/opt/gz_ogre_next_vendor:/opt/ros/jazzy/opt/gz_dartsim_vendor:/opt/ros/jazzy/opt/gz_cmake_vendor:/home/alex/Desktop/Robot/grupo_07_kuka_kr7_r900_3_ws/install/grupo07_robot_kinematics:/home/alex/Desktop/Robot/grupo_07_kuka_kr7_r900_3_ws/install/grupo07_kuka_kr7_kinematics:/home/alex/Desktop/Robotica/ros2_ws/install/turtlebot_services:/home/alex/Desktop/Robotica/ros2_ws/install/turtlebot3_teleop:/home/alex/Desktop/Robotica/ros2_ws/install/turtlebot3_tasks:/home/alex/Desktop/Robotica/ros2_ws/install/turtlebot3_systems:/home/alex/Desktop/Robotica/ros2_ws/install/turtlebot3_example:/home/alex/Desktop/Robotica/ros2_ws/install/turtlebot3_autorace:/home/alex/Desktop/Robotica/ros2_ws/src/install/turtlebot_services:/home/alex/Desktop/Robotica/ros2_ws/src/install/turtlebot3_teleop:/home/alex/Desktop/Robotica/ros2_ws/src/install/turtlebot3_tasks:/home/alex/Desktop/Robotica/ros2_ws/src/install/turtlebot3_systems:/home/alex/Desktop/Robotica/ros2_ws/src/install/turtlebot3_example:/home/alex/Desktop/Robotica/ros2_ws/src/install/turtlebot3_autorace:/opt/ros/jazzy DEBUGINFOD_URLS=https://debuginfod.ubuntu.com PS1=[ROSLAB d43] \u@\h:\w$ /usr/bin/cmake --install /home/alex/Desktop/Robot/grupo_07_kuka_kr7_r900_3_ws/build/kuka_agilus_support
[0.921s] Level 1:colcon.colcon_core.environment:create_environment_scripts_only(kuka_agilus_support)
[0.921s] Level 1:colcon.colcon_core.environment:checking '/home/alex/Desktop/Robot/grupo_07_kuka_kr7_r900_3_ws/install/kuka_agilus_support' for CMake module files
[0.921s] DEBUG:colcon.colcon_core.event_handler.log_command:Invoked command in '/home/alex/Desktop/Robot/grupo_07_kuka_kr7_r900_3_ws/build/kuka_agilus_support' returned '0': CMAKE_PREFIX_PATH=/home/alex/Desktop/Robot/grupo_07_kuka_kr7_r900_3_ws/install/kuka_resources:/home/alex/Desktop/Robot/grupo_07_kuka_kr7_r900_3_ws/install/grupo07_kuka_kr7_bringup:/home/alex/Desktop/Robot/grupo_07_kuka_kr7_r900_3_ws/install/kuka_agilus_support:/home/alex/Desktop/Robotica/ros2_ws/install/turtlebot_services_interfaces:/home/alex/Desktop/Robotica/ros2_ws/install/turtlebot3:/home/alex/Desktop/Robotica/ros2_ws/install/turtlebot3_simulations:/home/alex/Desktop/Robotica/ros2_ws/install/turtlebot3_bringup:/home/alex/Desktop/Robotica/ros2_ws/install/turtlebot3_node:/home/alex/Desktop/Robotica/ros2_ws/install/turtlebot3_navigation2:/home/alex/Desktop/Robotica/ros2_ws/install/turtlebot3_fake_node:/home/alex/Desktop/Robotica/ros2_ws/install/turtlebot3_msgs:/home/alex/Desktop/Robotica/ros2_ws/install/turtlebot3_autorace_jazzy:/home/alex/Desktop/Robotica/ros2_ws/install/turtlebot3_gazebo:/home/alex/Desktop/Robotica/ros2_ws/install/turtlebot3_description:/home/alex/Desktop/Robotica/ros2_ws/install/turtlebot3_cartographer:/home/alex/Desktop/Robotica/ros2_ws/install/dynamixel_sdk_examples:/home/alex/Desktop/Robotica/ros2_ws/install/dynamixel_sdk_custom_interfaces:/home/alex/Desktop/Robotica/ros2_ws/install/dynamixel_sdk:/home/alex/Desktop/Robotica/ros2_ws/src/install/turtlebot_services_interfaces:/home/alex/Desktop/Robotica/ros2_ws/src/install/turtlebot3:/home/alex/Desktop/Robotica/ros2_ws/src/install/turtlebot3_simulations:/home/alex/Desktop/Robotica/ros2_ws/src/install/turtlebot3_bringup:/home/alex/Desktop/Robotica/ros2_ws/src/install/turtlebot3_node:/home/alex/Desktop/Robotica/ros2_ws/src/install/turtlebot3_navigation2:/home/alex/Desktop/Robotica/ros2_ws/src/install/turtlebot3_fake_node:/home/alex/Desktop/Robotica/ros2_ws/src/install/turtlebot3_msgs:/home/alex/Desktop/Robotica/ros2_ws/src/install/turtlebot3_autorace_jazzy:/home/alex/Desktop/Robotica/ros2_ws/src/install/turtlebot3_gazebo:/home/alex/Desktop/Robotica/ros2_ws/src/install/turtlebot3_description:/home/alex/Desktop/Robotica/ros2_ws/src/install/turtlebot3_cartographer:/home/alex/Desktop/Robotica/ros2_ws/src/install/dynamixel_sdk_examples:/home/alex/Desktop/Robotica/ros2_ws/src/install/dynamixel_sdk_custom_interfaces:/home/alex/Desktop/Robotica/ros2_ws/src/install/dynamixel_sdk:/opt/ros/jazzy/opt/gz_sim_vendor:/opt/ros/jazzy/opt/gz_sensors_vendor:/opt/ros/jazzy/opt/gz_physics_vendor:/opt/ros/jazzy/opt/sdformat_vendor:/opt/ros/jazzy/opt/gz_gui_vendor:/opt/ros/jazzy/opt/gz_transport_vendor:/opt/ros/jazzy/opt/gz_rendering_vendor:/opt/ros/jazzy/opt/gz_plugin_vendor:/opt/ros/jazzy/opt/gz_fuel_tools_vendor:/opt/ros/jazzy/opt/gz_msgs_vendor:/opt/ros/jazzy/opt/gz_common_vendor:/opt/ros/jazzy/opt/gz_math_vendor:/opt/ros/jazzy/opt/gz_utils_vendor:/opt/ros/jazzy/opt/gz_tools_vendor:/opt/ros/jazzy/opt/gz_ogre_next_vendor:/opt/ros/jazzy/opt/gz_dartsim_vendor:/opt/ros/jazzy/opt/gz_cmake_vendor:/home/alex/Desktop/Robot/grupo_07_kuka_kr7_r900_3_ws/install/grupo07_robot_kinematics:/home/alex/Desktop/Robot/grupo_07_kuka_kr7_r900_3_ws/install/grupo07_kuka_kr7_kinematics:/home/alex/Desktop/Robotica/ros2_ws/install/turtlebot_services:/home/alex/Desktop/Robotica/ros2_ws/install/turtlebot3_teleop:/home/alex/Desktop/Robotica/ros2_ws/install/turtlebot3_tasks:/home/alex/Desktop/Robotica/ros2_ws/install/turtlebot3_systems:/home/alex/Desktop/Robotica/ros2_ws/install/turtlebot3_example:/home/alex/Desktop/Robotica/ros2_ws/install/turtlebot3_autorace:/home/alex/Desktop/Robotica/ros2_ws/src/install/turtlebot_services:/home/alex/Desktop/Robotica/ros2_ws/src/install/turtlebot3_teleop:/home/alex/Desktop/Robotica/ros2_ws/src/install/turtlebot3_tasks:/home/alex/Desktop/Robotica/ros2_ws/src/install/turtlebot3_systems:/home/alex/Desktop/Robotica/ros2_ws/src/install/turtlebot3_example:/home/alex/Desktop/Robotica/ros2_ws/src/install/turtlebot3_autorace:/opt/ros/jazzy DEBUGINFOD_URLS=https://debuginfod.ubuntu.com PS1=[ROSLAB d43] \u@\h:\w$ /usr/bin/cmake --install /home/alex/Desktop/Robot/grupo_07_kuka_kr7_r900_3_ws/build/kuka_agilus_support
[0.922s] Level 1:colcon.colcon_core.environment:checking '/home/alex/Desktop/Robot/grupo_07_kuka_kr7_r900_3_ws/install/kuka_agilus_support' for CMake config files
[0.922s] Level 1:colcon.colcon_core.shell:create_environment_hook('kuka_agilus_support', 'cmake_prefix_path')
[0.922s] INFO:colcon.colcon_core.shell:Creating environment hook '/home/alex/Desktop/Robot/grupo_07_kuka_kr7_r900_3_ws/install/kuka_agilus_support/share/kuka_agilus_support/hook/cmake_prefix_path.ps1'
[0.923s] INFO:colcon.colcon_core.shell:Creating environment descriptor '/home/alex/Desktop/Robot/grupo_07_kuka_kr7_r900_3_ws/install/kuka_agilus_support/share/kuka_agilus_support/hook/cmake_prefix_path.dsv'
[0.923s] INFO:colcon.colcon_core.shell:Creating environment hook '/home/alex/Desktop/Robot/grupo_07_kuka_kr7_r900_3_ws/install/kuka_agilus_support/share/kuka_agilus_support/hook/cmake_prefix_path.sh'
[0.924s] Level 1:colcon.colcon_core.environment:checking '/home/alex/Desktop/Robot/grupo_07_kuka_kr7_r900_3_ws/install/kuka_agilus_support/bin'
[0.924s] Level 1:colcon.colcon_core.environment:checking '/home/alex/Desktop/Robot/grupo_07_kuka_kr7_r900_3_ws/install/kuka_agilus_support/lib/pkgconfig/kuka_agilus_support.pc'
[0.924s] Level 1:colcon.colcon_core.environment:checking '/home/alex/Desktop/Robot/grupo_07_kuka_kr7_r900_3_ws/install/kuka_agilus_support/lib/python3.12/site-packages'
[0.924s] Level 1:colcon.colcon_core.environment:checking '/home/alex/Desktop/Robot/grupo_07_kuka_kr7_r900_3_ws/install/kuka_agilus_support/bin'
[0.924s] INFO:colcon.colcon_core.shell:Creating package script '/home/alex/Desktop/Robot/grupo_07_kuka_kr7_r900_3_ws/install/kuka_agilus_support/share/kuka_agilus_support/package.ps1'
[0.925s] INFO:colcon.colcon_core.shell:Creating package descriptor '/home/alex/Desktop/Robot/grupo_07_kuka_kr7_r900_3_ws/install/kuka_agilus_support/share/kuka_agilus_support/package.dsv'
[0.925s] INFO:colcon.colcon_core.shell:Creating package script '/home/alex/Desktop/Robot/grupo_07_kuka_kr7_r900_3_ws/install/kuka_agilus_support/share/kuka_agilus_support/package.sh'
[0.925s] INFO:colcon.colcon_core.shell:Creating package script '/home/alex/Desktop/Robot/grupo_07_kuka_kr7_r900_3_ws/install/kuka_agilus_support/share/kuka_agilus_support/package.bash'
[0.926s] INFO:colcon.colcon_core.shell:Creating package script '/home/alex/Desktop/Robot/grupo_07_kuka_kr7_r900_3_ws/install/kuka_agilus_support/share/kuka_agilus_support/package.zsh'
[0.926s] Level 1:colcon.colcon_core.environment:create_file_with_runtime_dependencies(/home/alex/Desktop/Robot/grupo_07_kuka_kr7_r900_3_ws/install/kuka_agilus_support/share/colcon-core/packages/kuka_agilus_support)
[0.926s] Level 1:colcon.colcon_core.environment:create_environment_scripts_only(kuka_agilus_support)
[0.927s] Level 1:colcon.colcon_core.environment:checking '/home/alex/Desktop/Robot/grupo_07_kuka_kr7_r900_3_ws/install/kuka_agilus_support' for CMake module files
[0.927s] Level 1:colcon.colcon_core.environment:checking '/home/alex/Desktop/Robot/grupo_07_kuka_kr7_r900_3_ws/install/kuka_agilus_support' for CMake config files
[0.927s] Level 1:colcon.colcon_core.shell:create_environment_hook('kuka_agilus_support', 'cmake_prefix_path')
[0.927s] INFO:colcon.colcon_core.shell:Creating environment hook '/home/alex/Desktop/Robot/grupo_07_kuka_kr7_r900_3_ws/install/kuka_agilus_support/share/kuka_agilus_support/hook/cmake_prefix_path.ps1'
[0.928s] INFO:colcon.colcon_core.shell:Creating environment descriptor '/home/alex/Desktop/Robot/grupo_07_kuka_kr7_r900_3_ws/install/kuka_agilus_support/share/kuka_agilus_support/hook/cmake_prefix_path.dsv'
[0.928s] INFO:colcon.colcon_core.shell:Creating environment hook '/home/alex/Desktop/Robot/grupo_07_kuka_kr7_r900_3_ws/install/kuka_agilus_support/share/kuka_agilus_support/hook/cmake_prefix_path.sh'
[0.928s] Level 1:colcon.colcon_core.environment:checking '/home/alex/Desktop/Robot/grupo_07_kuka_kr7_r900_3_ws/install/kuka_agilus_support/bin'
[0.929s] Level 1:colcon.colcon_core.environment:checking '/home/alex/Desktop/Robot/grupo_07_kuka_kr7_r900_3_ws/install/kuka_agilus_support/lib/pkgconfig/kuka_agilus_support.pc'
[0.929s] Level 1:colcon.colcon_core.environment:checking '/home/alex/Desktop/Robot/grupo_07_kuka_kr7_r900_3_ws/install/kuka_agilus_support/lib/python3.12/site-packages'
[0.929s] Level 1:colcon.colcon_core.environment:checking '/home/alex/Desktop/Robot/grupo_07_kuka_kr7_r900_3_ws/install/kuka_agilus_support/bin'
[0.929s] INFO:colcon.colcon_core.shell:Creating package script '/home/alex/Desktop/Robot/grupo_07_kuka_kr7_r900_3_ws/install/kuka_agilus_support/share/kuka_agilus_support/package.ps1'
[0.930s] INFO:colcon.colcon_core.shell:Creating package descriptor '/home/alex/Desktop/Robot/grupo_07_kuka_kr7_r900_3_ws/install/kuka_agilus_support/share/kuka_agilus_support/package.dsv'
[0.930s] INFO:colcon.colcon_core.shell:Creating package script '/home/alex/Desktop/Robot/grupo_07_kuka_kr7_r900_3_ws/install/kuka_agilus_support/share/kuka_agilus_support/package.sh'
[0.931s] INFO:colcon.colcon_core.shell:Creating package script '/home/alex/Desktop/Robot/grupo_07_kuka_kr7_r900_3_ws/install/kuka_agilus_support/share/kuka_agilus_support/package.bash'
[0.931s] INFO:colcon.colcon_core.shell:Creating package script '/home/alex/Desktop/Robot/grupo_07_kuka_kr7_r900_3_ws/install/kuka_agilus_support/share/kuka_agilus_support/package.zsh'
[0.931s] Level 1:colcon.colcon_core.environment:create_file_with_runtime_dependencies(/home/alex/Desktop/Robot/grupo_07_kuka_kr7_r900_3_ws/install/kuka_agilus_support/share/colcon-core/packages/kuka_agilus_support)
[0.932s] INFO:colcon.colcon_ros.task.ament_cmake.build:Building ROS package in '/home/alex/Desktop/Robot/grupo_07_kuka_kr7_r900_3_ws/src/grupo07_kuka_kr7_bringup' with build type 'ament_cmake'
[0.932s] INFO:colcon.colcon_cmake.task.cmake.build:Building CMake package in '/home/alex/Desktop/Robot/grupo_07_kuka_kr7_r900_3_ws/src/grupo07_kuka_kr7_bringup'
[0.932s] INFO:colcon.colcon_core.shell:Skip shell extension 'powershell' for command environment: Not usable outside of PowerShell
[0.932s] DEBUG:colcon.colcon_core.shell:Skip shell extension 'dsv' for command environment
[0.947s] DEBUG:colcon.colcon_core.event_handler.log_command:Invoking command in '/home/alex/Desktop/Robot/grupo_07_kuka_kr7_r900_3_ws/build/grupo07_kuka_kr7_bringup': CMAKE_PREFIX_PATH=/home/alex/Desktop/Robot/grupo_07_kuka_kr7_r900_3_ws/install/kuka_agilus_support:/home/alex/Desktop/Robot/grupo_07_kuka_kr7_r900_3_ws/install/kuka_resources:/home/alex/Desktop/Robot/grupo_07_kuka_kr7_r900_3_ws/install/grupo07_kuka_kr7_bringup:/home/alex/Desktop/Robotica/ros2_ws/install/turtlebot_services_interfaces:/home/alex/Desktop/Robotica/ros2_ws/install/turtlebot3:/home/alex/Desktop/Robotica/ros2_ws/install/turtlebot3_simulations:/home/alex/Desktop/Robotica/ros2_ws/install/turtlebot3_bringup:/home/alex/Desktop/Robotica/ros2_ws/install/turtlebot3_node:/home/alex/Desktop/Robotica/ros2_ws/install/turtlebot3_navigation2:/home/alex/Desktop/Robotica/ros2_ws/install/turtlebot3_fake_node:/home/alex/Desktop/Robotica/ros2_ws/install/turtlebot3_msgs:/home/alex/Desktop/Robotica/ros2_ws/install/turtlebot3_autorace_jazzy:/home/alex/Desktop/Robotica/ros2_ws/install/turtlebot3_gazebo:/home/alex/Desktop/Robotica/ros2_ws/install/turtlebot3_description:/home/alex/Desktop/Robotica/ros2_ws/install/turtlebot3_cartographer:/home/alex/Desktop/Robotica/ros2_ws/install/dynamixel_sdk_examples:/home/alex/Desktop/Robotica/ros2_ws/install/dynamixel_sdk_custom_interfaces:/home/alex/Desktop/Robotica/ros2_ws/install/dynamixel_sdk:/home/alex/Desktop/Robotica/ros2_ws/src/install/turtlebot_services_interfaces:/home/alex/Desktop/Robotica/ros2_ws/src/install/turtlebot3:/home/alex/Desktop/Robotica/ros2_ws/src/install/turtlebot3_simulations:/home/alex/Desktop/Robotica/ros2_ws/src/install/turtlebot3_bringup:/home/alex/Desktop/Robotica/ros2_ws/src/install/turtlebot3_node:/home/alex/Desktop/Robotica/ros2_ws/src/install/turtlebot3_navigation2:/home/alex/Desktop/Robotica/ros2_ws/src/install/turtlebot3_fake_node:/home/alex/Desktop/Robotica/ros2_ws/src/install/turtlebot3_msgs:/home/alex/Desktop/Robotica/ros2_ws/src/install/turtlebot3_autorace_jazzy:/home/alex/Desktop/Robotica/ros2_ws/src/install/turtlebot3_gazebo:/home/alex/Desktop/Robotica/ros2_ws/src/install/turtlebot3_description:/home/alex/Desktop/Robotica/ros2_ws/src/install/turtlebot3_cartographer:/home/alex/Desktop/Robotica/ros2_ws/src/install/dynamixel_sdk_examples:/home/alex/Desktop/Robotica/ros2_ws/src/install/dynamixel_sdk_custom_interfaces:/home/alex/Desktop/Robotica/ros2_ws/src/install/dynamixel_sdk:/opt/ros/jazzy/opt/gz_sim_vendor:/opt/ros/jazzy/opt/gz_sensors_vendor:/opt/ros/jazzy/opt/gz_physics_vendor:/opt/ros/jazzy/opt/sdformat_vendor:/opt/ros/jazzy/opt/gz_gui_vendor:/opt/ros/jazzy/opt/gz_transport_vendor:/opt/ros/jazzy/opt/gz_rendering_vendor:/opt/ros/jazzy/opt/gz_plugin_vendor:/opt/ros/jazzy/opt/gz_fuel_tools_vendor:/opt/ros/jazzy/opt/gz_msgs_vendor:/opt/ros/jazzy/opt/gz_common_vendor:/opt/ros/jazzy/opt/gz_math_vendor:/opt/ros/jazzy/opt/gz_utils_vendor:/opt/ros/jazzy/opt/gz_tools_vendor:/opt/ros/jazzy/opt/gz_ogre_next_vendor:/opt/ros/jazzy/opt/gz_dartsim_vendor:/opt/ros/jazzy/opt/gz_cmake_vendor:/home/alex/Desktop/Robot/grupo_07_kuka_kr7_r900_3_ws/install/grupo07_robot_kinematics:/home/alex/Desktop/Robot/grupo_07_kuka_kr7_r900_3_ws/install/grupo07_kuka_kr7_kinematics:/home/alex/Desktop/Robotica/ros2_ws/install/turtlebot_services:/home/alex/Desktop/Robotica/ros2_ws/install/turtlebot3_teleop:/home/alex/Desktop/Robotica/ros2_ws/install/turtlebot3_tasks:/home/alex/Desktop/Robotica/ros2_ws/install/turtlebot3_systems:/home/alex/Desktop/Robotica/ros2_ws/install/turtlebot3_example:/home/alex/Desktop/Robotica/ros2_ws/install/turtlebot3_autorace:/home/alex/Desktop/Robotica/ros2_ws/src/install/turtlebot_services:/home/alex/Desktop/Robotica/ros2_ws/src/install/turtlebot3_teleop:/home/alex/Desktop/Robotica/ros2_ws/src/install/turtlebot3_tasks:/home/alex/Desktop/Robotica/ros2_ws/src/install/turtlebot3_systems:/home/alex/Desktop/Robotica/ros2_ws/src/install/turtlebot3_example:/home/alex/Desktop/Robotica/ros2_ws/src/install/turtlebot3_autorace:/opt/ros/jazzy DEBUGINFOD_URLS=https://debuginfod.ubuntu.com PS1=[ROSLAB d43] \u@\h:\w$ /usr/bin/cmake --build /home/alex/Desktop/Robot/grupo_07_kuka_kr7_r900_3_ws/build/grupo07_kuka_kr7_bringup -- -j16 -l16
[0.990s] DEBUG:colcon.colcon_core.event_handler.log_command:Invoked command in '/home/alex/Desktop/Robot/grupo_07_kuka_kr7_r900_3_ws/build/grupo07_kuka_kr7_bringup' returned '0': CMAKE_PREFIX_PATH=/home/alex/Desktop/Robot/grupo_07_kuka_kr7_r900_3_ws/install/kuka_agilus_support:/home/alex/Desktop/Robot/grupo_07_kuka_kr7_r900_3_ws/install/kuka_resources:/home/alex/Desktop/Robot/grupo_07_kuka_kr7_r900_3_ws/install/grupo07_kuka_kr7_bringup:/home/alex/Desktop/Robotica/ros2_ws/install/turtlebot_services_interfaces:/home/alex/Desktop/Robotica/ros2_ws/install/turtlebot3:/home/alex/Desktop/Robotica/ros2_ws/install/turtlebot3_simulations:/home/alex/Desktop/Robotica/ros2_ws/install/turtlebot3_bringup:/home/alex/Desktop/Robotica/ros2_ws/install/turtlebot3_node:/home/alex/Desktop/Robotica/ros2_ws/install/turtlebot3_navigation2:/home/alex/Desktop/Robotica/ros2_ws/install/turtlebot3_fake_node:/home/alex/Desktop/Robotica/ros2_ws/install/turtlebot3_msgs:/home/alex/Desktop/Robotica/ros2_ws/install/turtlebot3_autorace_jazzy:/home/alex/Desktop/Robotica/ros2_ws/install/turtlebot3_gazebo:/home/alex/Desktop/Robotica/ros2_ws/install/turtlebot3_description:/home/alex/Desktop/Robotica/ros2_ws/install/turtlebot3_cartographer:/home/alex/Desktop/Robotica/ros2_ws/install/dynamixel_sdk_examples:/home/alex/Desktop/Robotica/ros2_ws/install/dynamixel_sdk_custom_interfaces:/home/alex/Desktop/Robotica/ros2_ws/install/dynamixel_sdk:/home/alex/Desktop/Robotica/ros2_ws/src/install/turtlebot_services_interfaces:/home/alex/Desktop/Robotica/ros2_ws/src/install/turtlebot3:/home/alex/Desktop/Robotica/ros2_ws/src/install/turtlebot3_simulations:/home/alex/Desktop/Robotica/ros2_ws/src/install/turtlebot3_bringup:/home/alex/Desktop/Robotica/ros2_ws/src/install/turtlebot3_node:/home/alex/Desktop/Robotica/ros2_ws/src/install/turtlebot3_navigation2:/home/alex/Desktop/Robotica/ros2_ws/src/install/turtlebot3_fake_node:/home/alex/Desktop/Robotica/ros2_ws/src/install/turtlebot3_msgs:/home/alex/Desktop/Robotica/ros2_ws/src/install/turtlebot3_autorace_jazzy:/home/alex/Desktop/Robotica/ros2_ws/src/install/turtlebot3_gazebo:/home/alex/Desktop/Robotica/ros2_ws/src/install/turtlebot3_description:/home/alex/Desktop/Robotica/ros2_ws/src/install/turtlebot3_cartographer:/home/alex/Desktop/Robotica/ros2_ws/src/install/dynamixel_sdk_examples:/home/alex/Desktop/Robotica/ros2_ws/src/install/dynamixel_sdk_custom_interfaces:/home/alex/Desktop/Robotica/ros2_ws/src/install/dynamixel_sdk:/opt/ros/jazzy/opt/gz_sim_vendor:/opt/ros/jazzy/opt/gz_sensors_vendor:/opt/ros/jazzy/opt/gz_physics_vendor:/opt/ros/jazzy/opt/sdformat_vendor:/opt/ros/jazzy/opt/gz_gui_vendor:/opt/ros/jazzy/opt/gz_transport_vendor:/opt/ros/jazzy/opt/gz_rendering_vendor:/opt/ros/jazzy/opt/gz_plugin_vendor:/opt/ros/jazzy/opt/gz_fuel_tools_vendor:/opt/ros/jazzy/opt/gz_msgs_vendor:/opt/ros/jazzy/opt/gz_common_vendor:/opt/ros/jazzy/opt/gz_math_vendor:/opt/ros/jazzy/opt/gz_utils_vendor:/opt/ros/jazzy/opt/gz_tools_vendor:/opt/ros/jazzy/opt/gz_ogre_next_vendor:/opt/ros/jazzy/opt/gz_dartsim_vendor:/opt/ros/jazzy/opt/gz_cmake_vendor:/home/alex/Desktop/Robot/grupo_07_kuka_kr7_r900_3_ws/install/grupo07_robot_kinematics:/home/alex/Desktop/Robot/grupo_07_kuka_kr7_r900_3_ws/install/grupo07_kuka_kr7_kinematics:/home/alex/Desktop/Robotica/ros2_ws/install/turtlebot_services:/home/alex/Desktop/Robotica/ros2_ws/install/turtlebot3_teleop:/home/alex/Desktop/Robotica/ros2_ws/install/turtlebot3_tasks:/home/alex/Desktop/Robotica/ros2_ws/install/turtlebot3_systems:/home/alex/Desktop/Robotica/ros2_ws/install/turtlebot3_example:/home/alex/Desktop/Robotica/ros2_ws/install/turtlebot3_autorace:/home/alex/Desktop/Robotica/ros2_ws/src/install/turtlebot_services:/home/alex/Desktop/Robotica/ros2_ws/src/install/turtlebot3_teleop:/home/alex/Desktop/Robotica/ros2_ws/src/install/turtlebot3_tasks:/home/alex/Desktop/Robotica/ros2_ws/src/install/turtlebot3_systems:/home/alex/Desktop/Robotica/ros2_ws/src/install/turtlebot3_example:/home/alex/Desktop/Robotica/ros2_ws/src/install/turtlebot3_autorace:/opt/ros/jazzy DEBUGINFOD_URLS=https://debuginfod.ubuntu.com PS1=[ROSLAB d43] \u@\h:\w$ /usr/bin/cmake --build /home/alex/Desktop/Robot/grupo_07_kuka_kr7_r900_3_ws/build/grupo07_kuka_kr7_bringup -- -j16 -l16
[0.991s] DEBUG:colcon.colcon_core.event_handler.log_command:Invoking command in '/home/alex/Desktop/Robot/grupo_07_kuka_kr7_r900_3_ws/build/grupo07_kuka_kr7_bringup': CMAKE_PREFIX_PATH=/home/alex/Desktop/Robot/grupo_07_kuka_kr7_r900_3_ws/install/kuka_agilus_support:/home/alex/Desktop/Robot/grupo_07_kuka_kr7_r900_3_ws/install/kuka_resources:/home/alex/Desktop/Robot/grupo_07_kuka_kr7_r900_3_ws/install/grupo07_kuka_kr7_bringup:/home/alex/Desktop/Robotica/ros2_ws/install/turtlebot_services_interfaces:/home/alex/Desktop/Robotica/ros2_ws/install/turtlebot3:/home/alex/Desktop/Robotica/ros2_ws/install/turtlebot3_simulations:/home/alex/Desktop/Robotica/ros2_ws/install/turtlebot3_bringup:/home/alex/Desktop/Robotica/ros2_ws/install/turtlebot3_node:/home/alex/Desktop/Robotica/ros2_ws/install/turtlebot3_navigation2:/home/alex/Desktop/Robotica/ros2_ws/install/turtlebot3_fake_node:/home/alex/Desktop/Robotica/ros2_ws/install/turtlebot3_msgs:/home/alex/Desktop/Robotica/ros2_ws/install/turtlebot3_autorace_jazzy:/home/alex/Desktop/Robotica/ros2_ws/install/turtlebot3_gazebo:/home/alex/Desktop/Robotica/ros2_ws/install/turtlebot3_description:/home/alex/Desktop/Robotica/ros2_ws/install/turtlebot3_cartographer:/home/alex/Desktop/Robotica/ros2_ws/install/dynamixel_sdk_examples:/home/alex/Desktop/Robotica/ros2_ws/install/dynamixel_sdk_custom_interfaces:/home/alex/Desktop/Robotica/ros2_ws/install/dynamixel_sdk:/home/alex/Desktop/Robotica/ros2_ws/src/install/turtlebot_services_interfaces:/home/alex/Desktop/Robotica/ros2_ws/src/install/turtlebot3:/home/alex/Desktop/Robotica/ros2_ws/src/install/turtlebot3_simulations:/home/alex/Desktop/Robotica/ros2_ws/src/install/turtlebot3_bringup:/home/alex/Desktop/Robotica/ros2_ws/src/install/turtlebot3_node:/home/alex/Desktop/Robotica/ros2_ws/src/install/turtlebot3_navigation2:/home/alex/Desktop/Robotica/ros2_ws/src/install/turtlebot3_fake_node:/home/alex/Desktop/Robotica/ros2_ws/src/install/turtlebot3_msgs:/home/alex/Desktop/Robotica/ros2_ws/src/install/turtlebot3_autorace_jazzy:/home/alex/Desktop/Robotica/ros2_ws/src/install/turtlebot3_gazebo:/home/alex/Desktop/Robotica/ros2_ws/src/install/turtlebot3_description:/home/alex/Desktop/Robotica/ros2_ws/src/install/turtlebot3_cartographer:/home/alex/Desktop/Robotica/ros2_ws/src/install/dynamixel_sdk_examples:/home/alex/Desktop/Robotica/ros2_ws/src/install/dynamixel_sdk_custom_interfaces:/home/alex/Desktop/Robotica/ros2_ws/src/install/dynamixel_sdk:/opt/ros/jazzy/opt/gz_sim_vendor:/opt/ros/jazzy/opt/gz_sensors_vendor:/opt/ros/jazzy/opt/gz_physics_vendor:/opt/ros/jazzy/opt/sdformat_vendor:/opt/ros/jazzy/opt/gz_gui_vendor:/opt/ros/jazzy/opt/gz_transport_vendor:/opt/ros/jazzy/opt/gz_rendering_vendor:/opt/ros/jazzy/opt/gz_plugin_vendor:/opt/ros/jazzy/opt/gz_fuel_tools_vendor:/opt/ros/jazzy/opt/gz_msgs_vendor:/opt/ros/jazzy/opt/gz_common_vendor:/opt/ros/jazzy/opt/gz_math_vendor:/opt/ros/jazzy/opt/gz_utils_vendor:/opt/ros/jazzy/opt/gz_tools_vendor:/opt/ros/jazzy/opt/gz_ogre_next_vendor:/opt/ros/jazzy/opt/gz_dartsim_vendor:/opt/ros/jazzy/opt/gz_cmake_vendor:/home/alex/Desktop/Robot/grupo_07_kuka_kr7_r900_3_ws/install/grupo07_robot_kinematics:/home/alex/Desktop/Robot/grupo_07_kuka_kr7_r900_3_ws/install/grupo07_kuka_kr7_kinematics:/home/alex/Desktop/Robotica/ros2_ws/install/turtlebot_services:/home/alex/Desktop/Robotica/ros2_ws/install/turtlebot3_teleop:/home/alex/Desktop/Robotica/ros2_ws/install/turtlebot3_tasks:/home/alex/Desktop/Robotica/ros2_ws/install/turtlebot3_systems:/home/alex/Desktop/Robotica/ros2_ws/install/turtlebot3_example:/home/alex/Desktop/Robotica/ros2_ws/install/turtlebot3_autorace:/home/alex/Desktop/Robotica/ros2_ws/src/install/turtlebot_services:/home/alex/Desktop/Robotica/ros2_ws/src/install/turtlebot3_teleop:/home/alex/Desktop/Robotica/ros2_ws/src/install/turtlebot3_tasks:/home/alex/Desktop/Robotica/ros2_ws/src/install/turtlebot3_systems:/home/alex/Desktop/Robotica/ros2_ws/src/install/turtlebot3_example:/home/alex/Desktop/Robotica/ros2_ws/src/install/turtlebot3_autorace:/opt/ros/jazzy DEBUGINFOD_URLS=https://debuginfod.ubuntu.com PS1=[ROSLAB d43] \u@\h:\w$ /usr/bin/cmake --install /home/alex/Desktop/Robot/grupo_07_kuka_kr7_r900_3_ws/build/grupo07_kuka_kr7_bringup
[1.017s] Level 1:colcon.colcon_core.environment:create_environment_scripts_only(grupo07_kuka_kr7_bringup)
[1.017s] Level 1:colcon.colcon_core.environment:checking '/home/alex/Desktop/Robot/grupo_07_kuka_kr7_r900_3_ws/install/grupo07_kuka_kr7_bringup' for CMake module files
[1.018s] DEBUG:colcon.colcon_core.event_handler.log_command:Invoked command in '/home/alex/Desktop/Robot/grupo_07_kuka_kr7_r900_3_ws/build/grupo07_kuka_kr7_bringup' returned '0': CMAKE_PREFIX_PATH=/home/alex/Desktop/Robot/grupo_07_kuka_kr7_r900_3_ws/install/kuka_agilus_support:/home/alex/Desktop/Robot/grupo_07_kuka_kr7_r900_3_ws/install/kuka_resources:/home/alex/Desktop/Robot/grupo_07_kuka_kr7_r900_3_ws/install/grupo07_kuka_kr7_bringup:/home/alex/Desktop/Robotica/ros2_ws/install/turtlebot_services_interfaces:/home/alex/Desktop/Robotica/ros2_ws/install/turtlebot3:/home/alex/Desktop/Robotica/ros2_ws/install/turtlebot3_simulations:/home/alex/Desktop/Robotica/ros2_ws/install/turtlebot3_bringup:/home/alex/Desktop/Robotica/ros2_ws/install/turtlebot3_node:/home/alex/Desktop/Robotica/ros2_ws/install/turtlebot3_navigation2:/home/alex/Desktop/Robotica/ros2_ws/install/turtlebot3_fake_node:/home/alex/Desktop/Robotica/ros2_ws/install/turtlebot3_msgs:/home/alex/Desktop/Robotica/ros2_ws/install/turtlebot3_autorace_jazzy:/home/alex/Desktop/Robotica/ros2_ws/install/turtlebot3_gazebo:/home/alex/Desktop/Robotica/ros2_ws/install/turtlebot3_description:/home/alex/Desktop/Robotica/ros2_ws/install/turtlebot3_cartographer:/home/alex/Desktop/Robotica/ros2_ws/install/dynamixel_sdk_examples:/home/alex/Desktop/Robotica/ros2_ws/install/dynamixel_sdk_custom_interfaces:/home/alex/Desktop/Robotica/ros2_ws/install/dynamixel_sdk:/home/alex/Desktop/Robotica/ros2_ws/src/install/turtlebot_services_interfaces:/home/alex/Desktop/Robotica/ros2_ws/src/install/turtlebot3:/home/alex/Desktop/Robotica/ros2_ws/src/install/turtlebot3_simulations:/home/alex/Desktop/Robotica/ros2_ws/src/install/turtlebot3_bringup:/home/alex/Desktop/Robotica/ros2_ws/src/install/turtlebot3_node:/home/alex/Desktop/Robotica/ros2_ws/src/install/turtlebot3_navigation2:/home/alex/Desktop/Robotica/ros2_ws/src/install/turtlebot3_fake_node:/home/alex/Desktop/Robotica/ros2_ws/src/install/turtlebot3_msgs:/home/alex/Desktop/Robotica/ros2_ws/src/install/turtlebot3_autorace_jazzy:/home/alex/Desktop/Robotica/ros2_ws/src/install/turtlebot3_gazebo:/home/alex/Desktop/Robotica/ros2_ws/src/install/turtlebot3_description:/home/alex/Desktop/Robotica/ros2_ws/src/install/turtlebot3_cartographer:/home/alex/Desktop/Robotica/ros2_ws/src/install/dynamixel_sdk_examples:/home/alex/Desktop/Robotica/ros2_ws/src/install/dynamixel_sdk_custom_interfaces:/home/alex/Desktop/Robotica/ros2_ws/src/install/dynamixel_sdk:/opt/ros/jazzy/opt/gz_sim_vendor:/opt/ros/jazzy/opt/gz_sensors_vendor:/opt/ros/jazzy/opt/gz_physics_vendor:/opt/ros/jazzy/opt/sdformat_vendor:/opt/ros/jazzy/opt/gz_gui_vendor:/opt/ros/jazzy/opt/gz_transport_vendor:/opt/ros/jazzy/opt/gz_rendering_vendor:/opt/ros/jazzy/opt/gz_plugin_vendor:/opt/ros/jazzy/opt/gz_fuel_tools_vendor:/opt/ros/jazzy/opt/gz_msgs_vendor:/opt/ros/jazzy/opt/gz_common_vendor:/opt/ros/jazzy/opt/gz_math_vendor:/opt/ros/jazzy/opt/gz_utils_vendor:/opt/ros/jazzy/opt/gz_tools_vendor:/opt/ros/jazzy/opt/gz_ogre_next_vendor:/opt/ros/jazzy/opt/gz_dartsim_vendor:/opt/ros/jazzy/opt/gz_cmake_vendor:/home/alex/Desktop/Robot/grupo_07_kuka_kr7_r900_3_ws/install/grupo07_robot_kinematics:/home/alex/Desktop/Robot/grupo_07_kuka_kr7_r900_3_ws/install/grupo07_kuka_kr7_kinematics:/home/alex/Desktop/Robotica/ros2_ws/install/turtlebot_services:/home/alex/Desktop/Robotica/ros2_ws/install/turtlebot3_teleop:/home/alex/Desktop/Robotica/ros2_ws/install/turtlebot3_tasks:/home/alex/Desktop/Robotica/ros2_ws/install/turtlebot3_systems:/home/alex/Desktop/Robotica/ros2_ws/install/turtlebot3_example:/home/alex/Desktop/Robotica/ros2_ws/install/turtlebot3_autorace:/home/alex/Desktop/Robotica/ros2_ws/src/install/turtlebot_services:/home/alex/Desktop/Robotica/ros2_ws/src/install/turtlebot3_teleop:/home/alex/Desktop/Robotica/ros2_ws/src/install/turtlebot3_tasks:/home/alex/Desktop/Robotica/ros2_ws/src/install/turtlebot3_systems:/home/alex/Desktop/Robotica/ros2_ws/src/install/turtlebot3_example:/home/alex/Desktop/Robotica/ros2_ws/src/install/turtlebot3_autorace:/opt/ros/jazzy DEBUGINFOD_URLS=https://debuginfod.ubuntu.com PS1=[ROSLAB d43] \u@\h:\w$ /usr/bin/cmake --install /home/alex/Desktop/Robot/grupo_07_kuka_kr7_r900_3_ws/build/grupo07_kuka_kr7_bringup
[1.018s] Level 1:colcon.colcon_core.environment:checking '/home/alex/Desktop/Robot/grupo_07_kuka_kr7_r900_3_ws/install/grupo07_kuka_kr7_bringup' for CMake config files
[1.018s] Level 1:colcon.colcon_core.shell:create_environment_hook('grupo07_kuka_kr7_bringup', 'cmake_prefix_path')
[1.019s] INFO:colcon.colcon_core.shell:Creating environment hook '/home/alex/Desktop/Robot/grupo_07_kuka_kr7_r900_3_ws/install/grupo07_kuka_kr7_bringup/share/grupo07_kuka_kr7_bringup/hook/cmake_prefix_path.ps1'
[1.019s] INFO:colcon.colcon_core.shell:Creating environment descriptor '/home/alex/Desktop/Robot/grupo_07_kuka_kr7_r900_3_ws/install/grupo07_kuka_kr7_bringup/share/grupo07_kuka_kr7_bringup/hook/cmake_prefix_path.dsv'
[1.019s] INFO:colcon.colcon_core.shell:Creating environment hook '/home/alex/Desktop/Robot/grupo_07_kuka_kr7_r900_3_ws/install/grupo07_kuka_kr7_bringup/share/grupo07_kuka_kr7_bringup/hook/cmake_prefix_path.sh'
[1.020s] Level 1:colcon.colcon_core.environment:checking '/home/alex/Desktop/Robot/grupo_07_kuka_kr7_r900_3_ws/install/grupo07_kuka_kr7_bringup/bin'
[1.020s] Level 1:colcon.colcon_core.environment:checking '/home/alex/Desktop/Robot/grupo_07_kuka_kr7_r900_3_ws/install/grupo07_kuka_kr7_bringup/lib/pkgconfig/grupo07_kuka_kr7_bringup.pc'
[1.020s] Level 1:colcon.colcon_core.environment:checking '/home/alex/Desktop/Robot/grupo_07_kuka_kr7_r900_3_ws/install/grupo07_kuka_kr7_bringup/lib/python3.12/site-packages'
[1.020s] Level 1:colcon.colcon_core.environment:checking '/home/alex/Desktop/Robot/grupo_07_kuka_kr7_r900_3_ws/install/grupo07_kuka_kr7_bringup/bin'
[1.020s] INFO:colcon.colcon_core.shell:Creating package script '/home/alex/Desktop/Robot/grupo_07_kuka_kr7_r900_3_ws/install/grupo07_kuka_kr7_bringup/share/grupo07_kuka_kr7_bringup/package.ps1'
[1.021s] INFO:colcon.colcon_core.shell:Creating package descriptor '/home/alex/Desktop/Robot/grupo_07_kuka_kr7_r900_3_ws/install/grupo07_kuka_kr7_bringup/share/grupo07_kuka_kr7_bringup/package.dsv'
[1.021s] INFO:colcon.colcon_core.shell:Creating package script '/home/alex/Desktop/Robot/grupo_07_kuka_kr7_r900_3_ws/install/grupo07_kuka_kr7_bringup/share/grupo07_kuka_kr7_bringup/package.sh'
[1.022s] INFO:colcon.colcon_core.shell:Creating package script '/home/alex/Desktop/Robot/grupo_07_kuka_kr7_r900_3_ws/install/grupo07_kuka_kr7_bringup/share/grupo07_kuka_kr7_bringup/package.bash'
[1.022s] INFO:colcon.colcon_core.shell:Creating package script '/home/alex/Desktop/Robot/grupo_07_kuka_kr7_r900_3_ws/install/grupo07_kuka_kr7_bringup/share/grupo07_kuka_kr7_bringup/package.zsh'
[1.022s] Level 1:colcon.colcon_core.environment:create_file_with_runtime_dependencies(/home/alex/Desktop/Robot/grupo_07_kuka_kr7_r900_3_ws/install/grupo07_kuka_kr7_bringup/share/colcon-core/packages/grupo07_kuka_kr7_bringup)
[1.023s] Level 1:colcon.colcon_core.environment:create_environment_scripts_only(grupo07_kuka_kr7_bringup)
[1.023s] Level 1:colcon.colcon_core.environment:checking '/home/alex/Desktop/Robot/grupo_07_kuka_kr7_r900_3_ws/install/grupo07_kuka_kr7_bringup' for CMake module files
[1.023s] Level 1:colcon.colcon_core.environment:checking '/home/alex/Desktop/Robot/grupo_07_kuka_kr7_r900_3_ws/install/grupo07_kuka_kr7_bringup' for CMake config files
[1.023s] Level 1:colcon.colcon_core.shell:create_environment_hook('grupo07_kuka_kr7_bringup', 'cmake_prefix_path')
[1.023s] INFO:colcon.colcon_core.shell:Creating environment hook '/home/alex/Desktop/Robot/grupo_07_kuka_kr7_r900_3_ws/install/grupo07_kuka_kr7_bringup/share/grupo07_kuka_kr7_bringup/hook/cmake_prefix_path.ps1'
[1.024s] INFO:colcon.colcon_core.shell:Creating environment descriptor '/home/alex/Desktop/Robot/grupo_07_kuka_kr7_r900_3_ws/install/grupo07_kuka_kr7_bringup/share/grupo07_kuka_kr7_bringup/hook/cmake_prefix_path.dsv'
[1.024s] INFO:colcon.colcon_core.shell:Creating environment hook '/home/alex/Desktop/Robot/grupo_07_kuka_kr7_r900_3_ws/install/grupo07_kuka_kr7_bringup/share/grupo07_kuka_kr7_bringup/hook/cmake_prefix_path.sh'
[1.025s] Level 1:colcon.colcon_core.environment:checking '/home/alex/Desktop/Robot/grupo_07_kuka_kr7_r900_3_ws/install/grupo07_kuka_kr7_bringup/bin'
[1.025s] Level 1:colcon.colcon_core.environment:checking '/home/alex/Desktop/Robot/grupo_07_kuka_kr7_r900_3_ws/install/grupo07_kuka_kr7_bringup/lib/pkgconfig/grupo07_kuka_kr7_bringup.pc'
[1.025s] Level 1:colcon.colcon_core.environment:checking '/home/alex/Desktop/Robot/grupo_07_kuka_kr7_r900_3_ws/install/grupo07_kuka_kr7_bringup/lib/python3.12/site-packages'
[1.025s] Level 1:colcon.colcon_core.environment:checking '/home/alex/Desktop/Robot/grupo_07_kuka_kr7_r900_3_ws/install/grupo07_kuka_kr7_bringup/bin'
[1.025s] INFO:colcon.colcon_core.shell:Creating package script '/home/alex/Desktop/Robot/grupo_07_kuka_kr7_r900_3_ws/install/grupo07_kuka_kr7_bringup/share/grupo07_kuka_kr7_bringup/package.ps1'
[1.026s] INFO:colcon.colcon_core.shell:Creating package descriptor '/home/alex/Desktop/Robot/grupo_07_kuka_kr7_r900_3_ws/install/grupo07_kuka_kr7_bringup/share/grupo07_kuka_kr7_bringup/package.dsv'
[1.026s] INFO:colcon.colcon_core.shell:Creating package script '/home/alex/Desktop/Robot/grupo_07_kuka_kr7_r900_3_ws/install/grupo07_kuka_kr7_bringup/share/grupo07_kuka_kr7_bringup/package.sh'
[1.027s] INFO:colcon.colcon_core.shell:Creating package script '/home/alex/Desktop/Robot/grupo_07_kuka_kr7_r900_3_ws/install/grupo07_kuka_kr7_bringup/share/grupo07_kuka_kr7_bringup/package.bash'
[1.027s] INFO:colcon.colcon_core.shell:Creating package script '/home/alex/Desktop/Robot/grupo_07_kuka_kr7_r900_3_ws/install/grupo07_kuka_kr7_bringup/share/grupo07_kuka_kr7_bringup/package.zsh'
[1.027s] Level 1:colcon.colcon_core.environment:create_file_with_runtime_dependencies(/home/alex/Desktop/Robot/grupo_07_kuka_kr7_r900_3_ws/install/grupo07_kuka_kr7_bringup/share/colcon-core/packages/grupo07_kuka_kr7_bringup)
[1.348s] DEBUG:colcon.colcon_core.task.python.build:Available setuptools commands: build_scripts, build_py, upload_docs, install_scripts, build, bdist_wheel, install_headers, install, check, dist_info, install_data, test, compile_catalog, sdist, upload, clean, install_lib, setopt, extract_messages, easy_install, bdist_dumb, install_egg_info, init_catalog, symlink_data, update_catalog, editable_wheel, bdist_rpm, build_ext, develop, build_clib, bdist, alias, rotate, saveopts, register, egg_info, bdist_egg
[1.350s] DEBUG:colcon.colcon_core.event_handler.log_command:Invoking command in '/home/alex/Desktop/Robot/grupo_07_kuka_kr7_r900_3_ws/src/grupo07_robot_kinematics': DEBUGINFOD_URLS=https://debuginfod.ubuntu.com PS1=[ROSLAB d43] \u@\h:\w$ PYTHONPATH=/home/alex/Desktop/Robot/grupo_07_kuka_kr7_r900_3_ws/build/grupo07_robot_kinematics/prefix_override:/usr/lib/python3/dist-packages/colcon_core/task/python/colcon_distutils_commands:/home/alex/Desktop/Robot/grupo_07_kuka_kr7_r900_3_ws/install/grupo07_robot_kinematics/lib/python3.12/site-packages:${PYTHONPATH} /usr/bin/python3 -W ignore:setup.py install is deprecated -W ignore:easy_install command is deprecated setup.py egg_info --egg-base ../../build/grupo07_robot_kinematics build --build-base /home/alex/Desktop/Robot/grupo_07_kuka_kr7_r900_3_ws/build/grupo07_robot_kinematics/build install --record /home/alex/Desktop/Robot/grupo_07_kuka_kr7_r900_3_ws/build/grupo07_robot_kinematics/install.log --install-scripts $base/lib/grupo07_robot_kinematics --single-version-externally-managed install_data
[1.376s] DEBUG:colcon.colcon_core.task.python.build:Available setuptools commands: build_scripts, build_py, upload_docs, install_scripts, build, bdist_wheel, install_headers, install, check, dist_info, install_data, test, compile_catalog, sdist, upload, clean, install_lib, setopt, extract_messages, easy_install, bdist_dumb, install_egg_info, init_catalog, symlink_data, update_catalog, editable_wheel, bdist_rpm, build_ext, develop, build_clib, bdist, alias, rotate, saveopts, register, egg_info, bdist_egg
[1.378s] DEBUG:colcon.colcon_core.event_handler.log_command:Invoking command in '/home/alex/Desktop/Robot/grupo_07_kuka_kr7_r900_3_ws/src/grupo07_kuka_kr7_kinematics': DEBUGINFOD_URLS=https://debuginfod.ubuntu.com PS1=[ROSLAB d43] \u@\h:\w$ PYTHONPATH=/home/alex/Desktop/Robot/grupo_07_kuka_kr7_r900_3_ws/build/grupo07_kuka_kr7_kinematics/prefix_override:/usr/lib/python3/dist-packages/colcon_core/task/python/colcon_distutils_commands:/home/alex/Desktop/Robot/grupo_07_kuka_kr7_r900_3_ws/install/grupo07_kuka_kr7_kinematics/lib/python3.12/site-packages:${PYTHONPATH} /usr/bin/python3 -W ignore:setup.py install is deprecated -W ignore:easy_install command is deprecated setup.py egg_info --egg-base ../../build/grupo07_kuka_kr7_kinematics build --build-base /home/alex/Desktop/Robot/grupo_07_kuka_kr7_r900_3_ws/build/grupo07_kuka_kr7_kinematics/build install --record /home/alex/Desktop/Robot/grupo_07_kuka_kr7_r900_3_ws/build/grupo07_kuka_kr7_kinematics/install.log --install-scripts $base/lib/grupo07_kuka_kr7_kinematics --single-version-externally-managed install_data
[1.882s] Level 1:colcon.colcon_core.environment:checking '/home/alex/Desktop/Robot/grupo_07_kuka_kr7_r900_3_ws/install/grupo07_robot_kinematics' for CMake module files
[1.882s] DEBUG:colcon.colcon_core.event_handler.log_command:Invoked command in '/home/alex/Desktop/Robot/grupo_07_kuka_kr7_r900_3_ws/src/grupo07_robot_kinematics' returned '0': DEBUGINFOD_URLS=https://debuginfod.ubuntu.com PS1=[ROSLAB d43] \u@\h:\w$ PYTHONPATH=/home/alex/Desktop/Robot/grupo_07_kuka_kr7_r900_3_ws/build/grupo07_robot_kinematics/prefix_override:/usr/lib/python3/dist-packages/colcon_core/task/python/colcon_distutils_commands:/home/alex/Desktop/Robot/grupo_07_kuka_kr7_r900_3_ws/install/grupo07_robot_kinematics/lib/python3.12/site-packages:${PYTHONPATH} /usr/bin/python3 -W ignore:setup.py install is deprecated -W ignore:easy_install command is deprecated setup.py egg_info --egg-base ../../build/grupo07_robot_kinematics build --build-base /home/alex/Desktop/Robot/grupo_07_kuka_kr7_r900_3_ws/build/grupo07_robot_kinematics/build install --record /home/alex/Desktop/Robot/grupo_07_kuka_kr7_r900_3_ws/build/grupo07_robot_kinematics/install.log --install-scripts $base/lib/grupo07_robot_kinematics --single-version-externally-managed install_data
[1.883s] Level 1:colcon.colcon_core.environment:checking '/home/alex/Desktop/Robot/grupo_07_kuka_kr7_r900_3_ws/install/grupo07_robot_kinematics' for CMake config files
[1.883s] Level 1:colcon.colcon_core.environment:checking '/home/alex/Desktop/Robot/grupo_07_kuka_kr7_r900_3_ws/install/grupo07_robot_kinematics/lib'
[1.883s] Level 1:colcon.colcon_core.environment:checking '/home/alex/Desktop/Robot/grupo_07_kuka_kr7_r900_3_ws/install/grupo07_robot_kinematics/bin'
[1.883s] Level 1:colcon.colcon_core.environment:checking '/home/alex/Desktop/Robot/grupo_07_kuka_kr7_r900_3_ws/install/grupo07_robot_kinematics/lib/pkgconfig/grupo07_robot_kinematics.pc'
[1.884s] Level 1:colcon.colcon_core.environment:checking '/home/alex/Desktop/Robot/grupo_07_kuka_kr7_r900_3_ws/install/grupo07_robot_kinematics/lib/python3.12/site-packages'
[1.884s] Level 1:colcon.colcon_core.shell:create_environment_hook('grupo07_robot_kinematics', 'pythonpath')
[1.884s] INFO:colcon.colcon_core.shell:Creating environment hook '/home/alex/Desktop/Robot/grupo_07_kuka_kr7_r900_3_ws/install/grupo07_robot_kinematics/share/grupo07_robot_kinematics/hook/pythonpath.ps1'
[1.884s] INFO:colcon.colcon_core.shell:Creating environment descriptor '/home/alex/Desktop/Robot/grupo_07_kuka_kr7_r900_3_ws/install/grupo07_robot_kinematics/share/grupo07_robot_kinematics/hook/pythonpath.dsv'
[1.885s] INFO:colcon.colcon_core.shell:Creating environment hook '/home/alex/Desktop/Robot/grupo_07_kuka_kr7_r900_3_ws/install/grupo07_robot_kinematics/share/grupo07_robot_kinematics/hook/pythonpath.sh'
[1.885s] Level 1:colcon.colcon_core.environment:checking '/home/alex/Desktop/Robot/grupo_07_kuka_kr7_r900_3_ws/install/grupo07_robot_kinematics/bin'
[1.885s] Level 1:colcon.colcon_core.environment:create_environment_scripts_only(grupo07_robot_kinematics)
[1.885s] INFO:colcon.colcon_core.shell:Creating package script '/home/alex/Desktop/Robot/grupo_07_kuka_kr7_r900_3_ws/install/grupo07_robot_kinematics/share/grupo07_robot_kinematics/package.ps1'
[1.886s] INFO:colcon.colcon_core.shell:Creating package descriptor '/home/alex/Desktop/Robot/grupo_07_kuka_kr7_r900_3_ws/install/grupo07_robot_kinematics/share/grupo07_robot_kinematics/package.dsv'
[1.886s] INFO:colcon.colcon_core.shell:Creating package script '/home/alex/Desktop/Robot/grupo_07_kuka_kr7_r900_3_ws/install/grupo07_robot_kinematics/share/grupo07_robot_kinematics/package.sh'
[1.887s] INFO:colcon.colcon_core.shell:Creating package script '/home/alex/Desktop/Robot/grupo_07_kuka_kr7_r900_3_ws/install/grupo07_robot_kinematics/share/grupo07_robot_kinematics/package.bash'
[1.887s] INFO:colcon.colcon_core.shell:Creating package script '/home/alex/Desktop/Robot/grupo_07_kuka_kr7_r900_3_ws/install/grupo07_robot_kinematics/share/grupo07_robot_kinematics/package.zsh'
[1.887s] Level 1:colcon.colcon_core.environment:create_file_with_runtime_dependencies(/home/alex/Desktop/Robot/grupo_07_kuka_kr7_r900_3_ws/install/grupo07_robot_kinematics/share/colcon-core/packages/grupo07_robot_kinematics)
[1.903s] Level 1:colcon.colcon_core.environment:checking '/home/alex/Desktop/Robot/grupo_07_kuka_kr7_r900_3_ws/install/grupo07_kuka_kr7_kinematics' for CMake module files
[1.903s] DEBUG:colcon.colcon_core.event_handler.log_command:Invoked command in '/home/alex/Desktop/Robot/grupo_07_kuka_kr7_r900_3_ws/src/grupo07_kuka_kr7_kinematics' returned '0': DEBUGINFOD_URLS=https://debuginfod.ubuntu.com PS1=[ROSLAB d43] \u@\h:\w$ PYTHONPATH=/home/alex/Desktop/Robot/grupo_07_kuka_kr7_r900_3_ws/build/grupo07_kuka_kr7_kinematics/prefix_override:/usr/lib/python3/dist-packages/colcon_core/task/python/colcon_distutils_commands:/home/alex/Desktop/Robot/grupo_07_kuka_kr7_r900_3_ws/install/grupo07_kuka_kr7_kinematics/lib/python3.12/site-packages:${PYTHONPATH} /usr/bin/python3 -W ignore:setup.py install is deprecated -W ignore:easy_install command is deprecated setup.py egg_info --egg-base ../../build/grupo07_kuka_kr7_kinematics build --build-base /home/alex/Desktop/Robot/grupo_07_kuka_kr7_r900_3_ws/build/grupo07_kuka_kr7_kinematics/build install --record /home/alex/Desktop/Robot/grupo_07_kuka_kr7_r900_3_ws/build/grupo07_kuka_kr7_kinematics/install.log --install-scripts $base/lib/grupo07_kuka_kr7_kinematics --single-version-externally-managed install_data
[1.904s] Level 1:colcon.colcon_core.environment:checking '/home/alex/Desktop/Robot/grupo_07_kuka_kr7_r900_3_ws/install/grupo07_kuka_kr7_kinematics' for CMake config files
[1.904s] Level 1:colcon.colcon_core.environment:checking '/home/alex/Desktop/Robot/grupo_07_kuka_kr7_r900_3_ws/install/grupo07_kuka_kr7_kinematics/lib'
[1.904s] Level 1:colcon.colcon_core.environment:checking '/home/alex/Desktop/Robot/grupo_07_kuka_kr7_r900_3_ws/install/grupo07_kuka_kr7_kinematics/bin'
[1.904s] Level 1:colcon.colcon_core.environment:checking '/home/alex/Desktop/Robot/grupo_07_kuka_kr7_r900_3_ws/install/grupo07_kuka_kr7_kinematics/lib/pkgconfig/grupo07_kuka_kr7_kinematics.pc'
[1.905s] Level 1:colcon.colcon_core.environment:checking '/home/alex/Desktop/Robot/grupo_07_kuka_kr7_r900_3_ws/install/grupo07_kuka_kr7_kinematics/lib/python3.12/site-packages'
[1.905s] Level 1:colcon.colcon_core.shell:create_environment_hook('grupo07_kuka_kr7_kinematics', 'pythonpath')
[1.905s] INFO:colcon.colcon_core.shell:Creating environment hook '/home/alex/Desktop/Robot/grupo_07_kuka_kr7_r900_3_ws/install/grupo07_kuka_kr7_kinematics/share/grupo07_kuka_kr7_kinematics/hook/pythonpath.ps1'
[1.905s] INFO:colcon.colcon_core.shell:Creating environment descriptor '/home/alex/Desktop/Robot/grupo_07_kuka_kr7_r900_3_ws/install/grupo07_kuka_kr7_kinematics/share/grupo07_kuka_kr7_kinematics/hook/pythonpath.dsv'
[1.906s] INFO:colcon.colcon_core.shell:Creating environment hook '/home/alex/Desktop/Robot/grupo_07_kuka_kr7_r900_3_ws/install/grupo07_kuka_kr7_kinematics/share/grupo07_kuka_kr7_kinematics/hook/pythonpath.sh'
[1.906s] Level 1:colcon.colcon_core.environment:checking '/home/alex/Desktop/Robot/grupo_07_kuka_kr7_r900_3_ws/install/grupo07_kuka_kr7_kinematics/bin'
[1.906s] Level 1:colcon.colcon_core.environment:create_environment_scripts_only(grupo07_kuka_kr7_kinematics)
[1.906s] INFO:colcon.colcon_core.shell:Creating package script '/home/alex/Desktop/Robot/grupo_07_kuka_kr7_r900_3_ws/install/grupo07_kuka_kr7_kinematics/share/grupo07_kuka_kr7_kinematics/package.ps1'
[1.907s] INFO:colcon.colcon_core.shell:Creating package descriptor '/home/alex/Desktop/Robot/grupo_07_kuka_kr7_r900_3_ws/install/grupo07_kuka_kr7_kinematics/share/grupo07_kuka_kr7_kinematics/package.dsv'
[1.907s] INFO:colcon.colcon_core.shell:Creating package script '/home/alex/Desktop/Robot/grupo_07_kuka_kr7_r900_3_ws/install/grupo07_kuka_kr7_kinematics/share/grupo07_kuka_kr7_kinematics/package.sh'
[1.908s] INFO:colcon.colcon_core.shell:Creating package script '/home/alex/Desktop/Robot/grupo_07_kuka_kr7_r900_3_ws/install/grupo07_kuka_kr7_kinematics/share/grupo07_kuka_kr7_kinematics/package.bash'
[1.908s] INFO:colcon.colcon_core.shell:Creating package script '/home/alex/Desktop/Robot/grupo_07_kuka_kr7_r900_3_ws/install/grupo07_kuka_kr7_kinematics/share/grupo07_kuka_kr7_kinematics/package.zsh'
[1.908s] Level 1:colcon.colcon_core.environment:create_file_with_runtime_dependencies(/home/alex/Desktop/Robot/grupo_07_kuka_kr7_r900_3_ws/install/grupo07_kuka_kr7_kinematics/share/colcon-core/packages/grupo07_kuka_kr7_kinematics)
[1.909s] DEBUG:colcon.colcon_parallel_executor.executor.parallel:closing loop
[1.909s] DEBUG:colcon.colcon_parallel_executor.executor.parallel:loop closed
[1.909s] DEBUG:colcon.colcon_parallel_executor.executor.parallel:run_until_complete finished with '0'
[1.909s] DEBUG:colcon.colcon_core.event_reactor:joining thread
[1.915s] INFO:colcon.colcon_core.plugin_system:Skipping extension 'colcon_notification.desktop_notification.terminal_notifier': Not used on non-Darwin systems
[1.915s] INFO:colcon.colcon_core.plugin_system:Skipping extension 'colcon_notification.desktop_notification.win32': Not used on non-Windows systems
[1.915s] INFO:colcon.colcon_notification.desktop_notification:Sending desktop notification using 'notify2'
[1.928s] DEBUG:colcon.colcon_core.event_reactor:joined thread
[1.928s] INFO:colcon.colcon_core.shell:Creating prefix script '/home/alex/Desktop/Robot/grupo_07_kuka_kr7_r900_3_ws/install/local_setup.ps1'
[1.929s] INFO:colcon.colcon_core.shell:Creating prefix util module '/home/alex/Desktop/Robot/grupo_07_kuka_kr7_r900_3_ws/install/_local_setup_util_ps1.py'
[1.930s] INFO:colcon.colcon_core.shell:Creating prefix chain script '/home/alex/Desktop/Robot/grupo_07_kuka_kr7_r900_3_ws/install/setup.ps1'
[1.933s] INFO:colcon.colcon_core.shell:Creating prefix script '/home/alex/Desktop/Robot/grupo_07_kuka_kr7_r900_3_ws/install/local_setup.sh'
[1.933s] INFO:colcon.colcon_core.shell:Creating prefix util module '/home/alex/Desktop/Robot/grupo_07_kuka_kr7_r900_3_ws/install/_local_setup_util_sh.py'
[1.934s] INFO:colcon.colcon_core.shell:Creating prefix chain script '/home/alex/Desktop/Robot/grupo_07_kuka_kr7_r900_3_ws/install/setup.sh'
[1.937s] INFO:colcon.colcon_core.shell:Creating prefix script '/home/alex/Desktop/Robot/grupo_07_kuka_kr7_r900_3_ws/install/local_setup.bash'
[1.937s] INFO:colcon.colcon_core.shell:Creating prefix chain script '/home/alex/Desktop/Robot/grupo_07_kuka_kr7_r900_3_ws/install/setup.bash'
[1.940s] INFO:colcon.colcon_core.shell:Creating prefix script '/home/alex/Desktop/Robot/grupo_07_kuka_kr7_r900_3_ws/install/local_setup.zsh'
[1.940s] INFO:colcon.colcon_core.shell:Creating prefix chain script '/home/alex/Desktop/Robot/grupo_07_kuka_kr7_r900_3_ws/install/setup.zsh'
