[0.163s] DEBUG:colcon:Command line arguments: ['/usr/bin/colcon', 'build']
[0.163s] DEBUG:colcon:Parsed command line arguments: Namespace(log_base=None, log_level=None, verb_name='build', build_base='build', install_base='install', merge_install=False, symlink_install=False, test_result_base=None, continue_on_error=False, executor='parallel', parallel_workers=16, event_handlers=None, ignore_user_meta=False, metas=['./colcon.meta'], base_paths=['.'], packages_ignore=None, packages_ignore_regex=None, paths=None, packages_up_to=None, packages_up_to_regex=None, packages_above=None, packages_above_and_dependencies=None, packages_above_depth=None, packages_select_by_dep=None, packages_skip_by_dep=None, packages_skip_up_to=None, packages_select_build_failed=False, packages_skip_build_finished=False, packages_select_test_failures=False, packages_skip_test_passed=False, packages_select=None, packages_skip=None, packages_select_regex=None, packages_skip_regex=None, packages_start=None, packages_end=None, allow_overriding=[], cmake_args=None, cmake_target=None, cmake_target_skip_unavailable=False, cmake_clean_cache=False, cmake_clean_first=False, cmake_force_configure=False, ament_cmake_args=None, catkin_cmake_args=None, catkin_skip_building_tests=False, mixin_files=None, mixin=None, verb_parser=<colcon_mixin.mixin.mixin_argument.MixinArgumentDecorator object at 0x71bf89ee2840>, verb_extension=<colcon_core.verb.build.BuildVerb object at 0x71bf89ffb3e0>, main=<bound method BuildVerb.main of <colcon_core.verb.build.BuildVerb object at 0x71bf89ffb3e0>>, mixin_verb=('build',))
[0.222s] Level 1:colcon.colcon_core.package_discovery:discover_packages(colcon_meta) check parameters
[0.222s] Level 1:colcon.colcon_core.package_discovery:discover_packages(recursive) check parameters
[0.222s] Level 1:colcon.colcon_core.package_discovery:discover_packages(ignore) check parameters
[0.222s] Level 1:colcon.colcon_core.package_discovery:discover_packages(path) check parameters
[0.222s] Level 1:colcon.colcon_core.package_discovery:discover_packages(colcon_meta) discover
[0.222s] Level 1:colcon.colcon_core.package_discovery:discover_packages(recursive) discover
[0.222s] INFO:colcon.colcon_core.package_discovery:Crawling recursively for packages in '/home/alex/Desktop/Robot/grupo_07_kuka_kr7_r900_3_ws'
[0.222s] Level 1:colcon.colcon_core.package_identification:_identify(.) by extensions ['ignore', 'ignore_ament_install']
[0.222s] Level 1:colcon.colcon_core.package_identification:_identify(.) by extension 'ignore'
[0.223s] Level 1:colcon.colcon_core.package_identification:_identify(.) by extension 'ignore_ament_install'
[0.223s] Level 1:colcon.colcon_core.package_identification:_identify(.) by extensions ['colcon_pkg']
[0.223s] Level 1:colcon.colcon_core.package_identification:_identify(.) by extension 'colcon_pkg'
[0.223s] Level 1:colcon.colcon_core.package_identification:_identify(.) by extensions ['colcon_meta']
[0.223s] Level 1:colcon.colcon_core.package_identification:_identify(.) by extension 'colcon_meta'
[0.223s] Level 1:colcon.colcon_core.package_identification:_identify(.) by extensions ['ros']
[0.223s] Level 1:colcon.colcon_core.package_identification:_identify(.) by extension 'ros'
[0.253s] Level 1:colcon.colcon_core.package_identification:_identify(.) by extensions ['cmake', 'python']
[0.253s] Level 1:colcon.colcon_core.package_identification:_identify(.) by extension 'cmake'
[0.253s] Level 1:colcon.colcon_core.package_identification:_identify(.) by extension 'python'
[0.253s] Level 1:colcon.colcon_core.package_identification:_identify(.) by extensions ['python_setup_py']
[0.253s] Level 1:colcon.colcon_core.package_identification:_identify(.) by extension 'python_setup_py'
[0.253s] Level 1:colcon.colcon_core.package_identification:_identify(build) by extensions ['ignore', 'ignore_ament_install']
[0.253s] Level 1:colcon.colcon_core.package_identification:_identify(build) by extension 'ignore'
[0.253s] Level 1:colcon.colcon_core.package_identification:_identify(build) ignored
[0.253s] Level 1:colcon.colcon_core.package_identification:_identify(docs) by extensions ['ignore', 'ignore_ament_install']
[0.253s] Level 1:colcon.colcon_core.package_identification:_identify(docs) by extension 'ignore'
[0.254s] Level 1:colcon.colcon_core.package_identification:_identify(docs) by extension 'ignore_ament_install'
[0.254s] Level 1:colcon.colcon_core.package_identification:_identify(docs) by extensions ['colcon_pkg']
[0.254s] Level 1:colcon.colcon_core.package_identification:_identify(docs) by extension 'colcon_pkg'
[0.254s] Level 1:colcon.colcon_core.package_identification:_identify(docs) by extensions ['colcon_meta']
[0.254s] Level 1:colcon.colcon_core.package_identification:_identify(docs) by extension 'colcon_meta'
[0.254s] Level 1:colcon.colcon_core.package_identification:_identify(docs) by extensions ['ros']
[0.254s] Level 1:colcon.colcon_core.package_identification:_identify(docs) by extension 'ros'
[0.254s] Level 1:colcon.colcon_core.package_identification:_identify(docs) by extensions ['cmake', 'python']
[0.254s] Level 1:colcon.colcon_core.package_identification:_identify(docs) by extension 'cmake'
[0.254s] Level 1:colcon.colcon_core.package_identification:_identify(docs) by extension 'python'
[0.254s] Level 1:colcon.colcon_core.package_identification:_identify(docs) by extensions ['python_setup_py']
[0.254s] Level 1:colcon.colcon_core.package_identification:_identify(docs) by extension 'python_setup_py'
[0.254s] Level 1:colcon.colcon_core.package_identification:_identify(install) by extensions ['ignore', 'ignore_ament_install']
[0.254s] Level 1:colcon.colcon_core.package_identification:_identify(install) by extension 'ignore'
[0.254s] Level 1:colcon.colcon_core.package_identification:_identify(install) ignored
[0.254s] Level 1:colcon.colcon_core.package_identification:_identify(log) by extensions ['ignore', 'ignore_ament_install']
[0.254s] Level 1:colcon.colcon_core.package_identification:_identify(log) by extension 'ignore'
[0.255s] Level 1:colcon.colcon_core.package_identification:_identify(log) ignored
[0.255s] Level 1:colcon.colcon_core.package_identification:_identify(src) by extensions ['ignore', 'ignore_ament_install']
[0.255s] Level 1:colcon.colcon_core.package_identification:_identify(src) by extension 'ignore'
[0.255s] Level 1:colcon.colcon_core.package_identification:_identify(src) by extension 'ignore_ament_install'
[0.255s] Level 1:colcon.colcon_core.package_identification:_identify(src) by extensions ['colcon_pkg']
[0.255s] Level 1:colcon.colcon_core.package_identification:_identify(src) by extension 'colcon_pkg'
[0.255s] Level 1:colcon.colcon_core.package_identification:_identify(src) by extensions ['colcon_meta']
[0.255s] Level 1:colcon.colcon_core.package_identification:_identify(src) by extension 'colcon_meta'
[0.255s] Level 1:colcon.colcon_core.package_identification:_identify(src) by extensions ['ros']
[0.255s] Level 1:colcon.colcon_core.package_identification:_identify(src) by extension 'ros'
[0.255s] Level 1:colcon.colcon_core.package_identification:_identify(src) by extensions ['cmake', 'python']
[0.255s] Level 1:colcon.colcon_core.package_identification:_identify(src) by extension 'cmake'
[0.255s] Level 1:colcon.colcon_core.package_identification:_identify(src) by extension 'python'
[0.255s] Level 1:colcon.colcon_core.package_identification:_identify(src) by extensions ['python_setup_py']
[0.255s] Level 1:colcon.colcon_core.package_identification:_identify(src) by extension 'python_setup_py'
[0.255s] Level 1:colcon.colcon_core.package_identification:_identify(src/grupo07_kuka_kr7_bringup) by extensions ['ignore', 'ignore_ament_install']
[0.255s] Level 1:colcon.colcon_core.package_identification:_identify(src/grupo07_kuka_kr7_bringup) by extension 'ignore'
[0.255s] Level 1:colcon.colcon_core.package_identification:_identify(src/grupo07_kuka_kr7_bringup) by extension 'ignore_ament_install'
[0.255s] Level 1:colcon.colcon_core.package_identification:_identify(src/grupo07_kuka_kr7_bringup) by extensions ['colcon_pkg']
[0.255s] Level 1:colcon.colcon_core.package_identification:_identify(src/grupo07_kuka_kr7_bringup) by extension 'colcon_pkg'
[0.255s] Level 1:colcon.colcon_core.package_identification:_identify(src/grupo07_kuka_kr7_bringup) by extensions ['colcon_meta']
[0.256s] Level 1:colcon.colcon_core.package_identification:_identify(src/grupo07_kuka_kr7_bringup) by extension 'colcon_meta'
[0.256s] Level 1:colcon.colcon_core.package_identification:_identify(src/grupo07_kuka_kr7_bringup) by extensions ['ros']
[0.256s] Level 1:colcon.colcon_core.package_identification:_identify(src/grupo07_kuka_kr7_bringup) by extension 'ros'
[0.259s] DEBUG:colcon.colcon_core.package_identification:Package 'src/grupo07_kuka_kr7_bringup' with type 'ros.ament_cmake' and name 'grupo07_kuka_kr7_bringup'
[0.259s] Level 1:colcon.colcon_core.package_identification:_identify(src/grupo07_kuka_kr7_kinematics) by extensions ['ignore', 'ignore_ament_install']
[0.259s] Level 1:colcon.colcon_core.package_identification:_identify(src/grupo07_kuka_kr7_kinematics) by extension 'ignore'
[0.259s] Level 1:colcon.colcon_core.package_identification:_identify(src/grupo07_kuka_kr7_kinematics) by extension 'ignore_ament_install'
[0.259s] Level 1:colcon.colcon_core.package_identification:_identify(src/grupo07_kuka_kr7_kinematics) by extensions ['colcon_pkg']
[0.259s] Level 1:colcon.colcon_core.package_identification:_identify(src/grupo07_kuka_kr7_kinematics) by extension 'colcon_pkg'
[0.259s] Level 1:colcon.colcon_core.package_identification:_identify(src/grupo07_kuka_kr7_kinematics) by extensions ['colcon_meta']
[0.259s] Level 1:colcon.colcon_core.package_identification:_identify(src/grupo07_kuka_kr7_kinematics) by extension 'colcon_meta'
[0.259s] Level 1:colcon.colcon_core.package_identification:_identify(src/grupo07_kuka_kr7_kinematics) by extensions ['ros']
[0.259s] Level 1:colcon.colcon_core.package_identification:_identify(src/grupo07_kuka_kr7_kinematics) by extension 'ros'
[0.260s] DEBUG:colcon.colcon_core.package_identification:Package 'src/grupo07_kuka_kr7_kinematics' with type 'ros.ament_python' and name 'grupo07_kuka_kr7_kinematics'
[0.260s] Level 1:colcon.colcon_core.package_identification:_identify(src/grupo07_robot_kinematics) by extensions ['ignore', 'ignore_ament_install']
[0.260s] Level 1:colcon.colcon_core.package_identification:_identify(src/grupo07_robot_kinematics) by extension 'ignore'
[0.260s] Level 1:colcon.colcon_core.package_identification:_identify(src/grupo07_robot_kinematics) by extension 'ignore_ament_install'
[0.260s] Level 1:colcon.colcon_core.package_identification:_identify(src/grupo07_robot_kinematics) by extensions ['colcon_pkg']
[0.260s] Level 1:colcon.colcon_core.package_identification:_identify(src/grupo07_robot_kinematics) by extension 'colcon_pkg'
[0.260s] Level 1:colcon.colcon_core.package_identification:_identify(src/grupo07_robot_kinematics) by extensions ['colcon_meta']
[0.260s] Level 1:colcon.colcon_core.package_identification:_identify(src/grupo07_robot_kinematics) by extension 'colcon_meta'
[0.260s] Level 1:colcon.colcon_core.package_identification:_identify(src/grupo07_robot_kinematics) by extensions ['ros']
[0.260s] Level 1:colcon.colcon_core.package_identification:_identify(src/grupo07_robot_kinematics) by extension 'ros'
[0.261s] DEBUG:colcon.colcon_core.package_identification:Package 'src/grupo07_robot_kinematics' with type 'ros.ament_python' and name 'grupo07_robot_kinematics'
[0.261s] Level 1:colcon.colcon_core.package_identification:_identify(src/kuka_robot_descriptions) by extensions ['ignore', 'ignore_ament_install']
[0.261s] Level 1:colcon.colcon_core.package_identification:_identify(src/kuka_robot_descriptions) by extension 'ignore'
[0.261s] Level 1:colcon.colcon_core.package_identification:_identify(src/kuka_robot_descriptions) by extension 'ignore_ament_install'
[0.261s] Level 1:colcon.colcon_core.package_identification:_identify(src/kuka_robot_descriptions) by extensions ['colcon_pkg']
[0.261s] Level 1:colcon.colcon_core.package_identification:_identify(src/kuka_robot_descriptions) by extension 'colcon_pkg'
[0.261s] Level 1:colcon.colcon_core.package_identification:_identify(src/kuka_robot_descriptions) by extensions ['colcon_meta']
[0.261s] Level 1:colcon.colcon_core.package_identification:_identify(src/kuka_robot_descriptions) by extension 'colcon_meta'
[0.261s] Level 1:colcon.colcon_core.package_identification:_identify(src/kuka_robot_descriptions) by extensions ['ros']
[0.261s] Level 1:colcon.colcon_core.package_identification:_identify(src/kuka_robot_descriptions) by extension 'ros'
[0.261s] Level 1:colcon.colcon_core.package_identification:_identify(src/kuka_robot_descriptions) by extensions ['cmake', 'python']
[0.261s] Level 1:colcon.colcon_core.package_identification:_identify(src/kuka_robot_descriptions) by extension 'cmake'
[0.261s] Level 1:colcon.colcon_core.package_identification:_identify(src/kuka_robot_descriptions) by extension 'python'
[0.261s] Level 1:colcon.colcon_core.package_identification:_identify(src/kuka_robot_descriptions) by extensions ['python_setup_py']
[0.262s] Level 1:colcon.colcon_core.package_identification:_identify(src/kuka_robot_descriptions) by extension 'python_setup_py'
[0.262s] Level 1:colcon.colcon_core.package_identification:_identify(src/kuka_robot_descriptions/kuka_agilus_support) by extensions ['ignore', 'ignore_ament_install']
[0.262s] Level 1:colcon.colcon_core.package_identification:_identify(src/kuka_robot_descriptions/kuka_agilus_support) by extension 'ignore'
[0.262s] Level 1:colcon.colcon_core.package_identification:_identify(src/kuka_robot_descriptions/kuka_agilus_support) by extension 'ignore_ament_install'
[0.262s] Level 1:colcon.colcon_core.package_identification:_identify(src/kuka_robot_descriptions/kuka_agilus_support) by extensions ['colcon_pkg']
[0.262s] Level 1:colcon.colcon_core.package_identification:_identify(src/kuka_robot_descriptions/kuka_agilus_support) by extension 'colcon_pkg'
[0.262s] Level 1:colcon.colcon_core.package_identification:_identify(src/kuka_robot_descriptions/kuka_agilus_support) by extensions ['colcon_meta']
[0.262s] Level 1:colcon.colcon_core.package_identification:_identify(src/kuka_robot_descriptions/kuka_agilus_support) by extension 'colcon_meta'
[0.262s] Level 1:colcon.colcon_core.package_identification:_identify(src/kuka_robot_descriptions/kuka_agilus_support) by extensions ['ros']
[0.262s] Level 1:colcon.colcon_core.package_identification:_identify(src/kuka_robot_descriptions/kuka_agilus_support) by extension 'ros'
[0.263s] DEBUG:colcon.colcon_core.package_identification:Package 'src/kuka_robot_descriptions/kuka_agilus_support' with type 'ros.ament_cmake' and name 'kuka_agilus_support'
[0.263s] Level 1:colcon.colcon_core.package_identification:_identify(src/kuka_robot_descriptions/kuka_resources) by extensions ['ignore', 'ignore_ament_install']
[0.263s] Level 1:colcon.colcon_core.package_identification:_identify(src/kuka_robot_descriptions/kuka_resources) by extension 'ignore'
[0.263s] Level 1:colcon.colcon_core.package_identification:_identify(src/kuka_robot_descriptions/kuka_resources) by extension 'ignore_ament_install'
[0.263s] Level 1:colcon.colcon_core.package_identification:_identify(src/kuka_robot_descriptions/kuka_resources) by extensions ['colcon_pkg']
[0.263s] Level 1:colcon.colcon_core.package_identification:_identify(src/kuka_robot_descriptions/kuka_resources) by extension 'colcon_pkg'
[0.263s] Level 1:colcon.colcon_core.package_identification:_identify(src/kuka_robot_descriptions/kuka_resources) by extensions ['colcon_meta']
[0.263s] Level 1:colcon.colcon_core.package_identification:_identify(src/kuka_robot_descriptions/kuka_resources) by extension 'colcon_meta'
[0.263s] Level 1:colcon.colcon_core.package_identification:_identify(src/kuka_robot_descriptions/kuka_resources) by extensions ['ros']
[0.263s] Level 1:colcon.colcon_core.package_identification:_identify(src/kuka_robot_descriptions/kuka_resources) by extension 'ros'
[0.264s] DEBUG:colcon.colcon_core.package_identification:Package 'src/kuka_robot_descriptions/kuka_resources' with type 'ros.ament_cmake' and name 'kuka_resources'
[0.264s] Level 1:colcon.colcon_core.package_discovery:discover_packages(recursive) using defaults
[0.264s] Level 1:colcon.colcon_core.package_discovery:discover_packages(ignore) discover
[0.264s] Level 1:colcon.colcon_core.package_discovery:discover_packages(ignore) using defaults
[0.264s] Level 1:colcon.colcon_core.package_discovery:discover_packages(path) discover
[0.264s] Level 1:colcon.colcon_core.package_discovery:discover_packages(path) using defaults
[0.287s] Level 1:colcon.colcon_core.package_discovery:discover_packages(prefix_path) check parameters
[0.287s] Level 1:colcon.colcon_core.package_discovery:discover_packages(prefix_path) discover
[0.296s] DEBUG:colcon.colcon_installed_package_information.package_discovery:Found 5 installed packages in /home/alex/Desktop/Robot/grupo_07_kuka_kr7_r900_3_ws/install
[0.297s] DEBUG:colcon.colcon_installed_package_information.package_discovery:Found 21 installed packages in /home/alex/Desktop/Robotica/ros2_ws/install
[0.298s] DEBUG:colcon.colcon_installed_package_information.package_discovery:Found 21 installed packages in /home/alex/Desktop/Robotica/ros2_ws/src/install
[0.301s] DEBUG:colcon.colcon_installed_package_information.package_discovery:Found 493 installed packages in /opt/ros/jazzy
[0.304s] Level 1:colcon.colcon_core.package_discovery:discover_packages(prefix_path) using defaults
[0.398s] Level 5:colcon.colcon_core.verb:set package 'grupo07_kuka_kr7_kinematics' build argument 'cmake_args' from command line to 'None'
[0.398s] Level 5:colcon.colcon_core.verb:set package 'grupo07_kuka_kr7_kinematics' build argument 'cmake_target' from command line to 'None'
[0.398s] Level 5:colcon.colcon_core.verb:set package 'grupo07_kuka_kr7_kinematics' build argument 'cmake_target_skip_unavailable' from command line to 'False'
[0.398s] Level 5:colcon.colcon_core.verb:set package 'grupo07_kuka_kr7_kinematics' build argument 'cmake_clean_cache' from command line to 'False'
[0.398s] Level 5:colcon.colcon_core.verb:set package 'grupo07_kuka_kr7_kinematics' build argument 'cmake_clean_first' from command line to 'False'
[0.398s] Level 5:colcon.colcon_core.verb:set package 'grupo07_kuka_kr7_kinematics' build argument 'cmake_force_configure' from command line to 'False'
[0.398s] Level 5:colcon.colcon_core.verb:set package 'grupo07_kuka_kr7_kinematics' build argument 'ament_cmake_args' from command line to 'None'
[0.398s] Level 5:colcon.colcon_core.verb:set package 'grupo07_kuka_kr7_kinematics' build argument 'catkin_cmake_args' from command line to 'None'
[0.398s] Level 5:colcon.colcon_core.verb:set package 'grupo07_kuka_kr7_kinematics' build argument 'catkin_skip_building_tests' from command line to 'False'
[0.399s] DEBUG:colcon.colcon_core.verb:Building package 'grupo07_kuka_kr7_kinematics' with the following arguments: {'ament_cmake_args': None, 'build_base': '/home/alex/Desktop/Robot/grupo_07_kuka_kr7_r900_3_ws/build/grupo07_kuka_kr7_kinematics', 'catkin_cmake_args': None, 'catkin_skip_building_tests': False, 'cmake_args': None, 'cmake_clean_cache': False, 'cmake_clean_first': False, 'cmake_force_configure': False, 'cmake_target': None, 'cmake_target_skip_unavailable': False, 'install_base': '/home/alex/Desktop/Robot/grupo_07_kuka_kr7_r900_3_ws/install/grupo07_kuka_kr7_kinematics', 'merge_install': False, 'path': '/home/alex/Desktop/Robot/grupo_07_kuka_kr7_r900_3_ws/src/grupo07_kuka_kr7_kinematics', 'symlink_install': False, 'test_result_base': None}
[0.399s] Level 5:colcon.colcon_core.verb:set package 'grupo07_robot_kinematics' build argument 'cmake_args' from command line to 'None'
[0.399s] Level 5:colcon.colcon_core.verb:set package 'grupo07_robot_kinematics' build argument 'cmake_target' from command line to 'None'
[0.399s] Level 5:colcon.colcon_core.verb:set package 'grupo07_robot_kinematics' build argument 'cmake_target_skip_unavailable' from command line to 'False'
[0.399s] Level 5:colcon.colcon_core.verb:set package 'grupo07_robot_kinematics' build argument 'cmake_clean_cache' from command line to 'False'
[0.399s] Level 5:colcon.colcon_core.verb:set package 'grupo07_robot_kinematics' build argument 'cmake_clean_first' from command line to 'False'
[0.399s] Level 5:colcon.colcon_core.verb:set package 'grupo07_robot_kinematics' build argument 'cmake_force_configure' from command line to 'False'
[0.399s] Level 5:colcon.colcon_core.verb:set package 'grupo07_robot_kinematics' build argument 'ament_cmake_args' from command line to 'None'
[0.399s] Level 5:colcon.colcon_core.verb:set package 'grupo07_robot_kinematics' build argument 'catkin_cmake_args' from command line to 'None'
[0.399s] Level 5:colcon.colcon_core.verb:set package 'grupo07_robot_kinematics' build argument 'catkin_skip_building_tests' from command line to 'False'
[0.399s] DEBUG:colcon.colcon_core.verb:Building package 'grupo07_robot_kinematics' with the following arguments: {'ament_cmake_args': None, 'build_base': '/home/alex/Desktop/Robot/grupo_07_kuka_kr7_r900_3_ws/build/grupo07_robot_kinematics', 'catkin_cmake_args': None, 'catkin_skip_building_tests': False, 'cmake_args': None, 'cmake_clean_cache': False, 'cmake_clean_first': False, 'cmake_force_configure': False, 'cmake_target': None, 'cmake_target_skip_unavailable': False, 'install_base': '/home/alex/Desktop/Robot/grupo_07_kuka_kr7_r900_3_ws/install/grupo07_robot_kinematics', 'merge_install': False, 'path': '/home/alex/Desktop/Robot/grupo_07_kuka_kr7_r900_3_ws/src/grupo07_robot_kinematics', 'symlink_install': False, 'test_result_base': None}
[0.399s] Level 5:colcon.colcon_core.verb:set package 'kuka_resources' build argument 'cmake_args' from command line to 'None'
[0.399s] Level 5:colcon.colcon_core.verb:set package 'kuka_resources' build argument 'cmake_target' from command line to 'None'
[0.399s] Level 5:colcon.colcon_core.verb:set package 'kuka_resources' build argument 'cmake_target_skip_unavailable' from command line to 'False'
[0.399s] Level 5:colcon.colcon_core.verb:set package 'kuka_resources' build argument 'cmake_clean_cache' from command line to 'False'
[0.399s] Level 5:colcon.colcon_core.verb:set package 'kuka_resources' build argument 'cmake_clean_first' from command line to 'False'
[0.399s] Level 5:colcon.colcon_core.verb:set package 'kuka_resources' build argument 'cmake_force_configure' from command line to 'False'
[0.399s] Level 5:colcon.colcon_core.verb:set package 'kuka_resources' build argument 'ament_cmake_args' from command line to 'None'
[0.399s] Level 5:colcon.colcon_core.verb:set package 'kuka_resources' build argument 'catkin_cmake_args' from command line to 'None'
[0.399s] Level 5:colcon.colcon_core.verb:set package 'kuka_resources' build argument 'catkin_skip_building_tests' from command line to 'False'
[0.399s] DEBUG:colcon.colcon_core.verb:Building package 'kuka_resources' with the following arguments: {'ament_cmake_args': None, 'build_base': '/home/alex/Desktop/Robot/grupo_07_kuka_kr7_r900_3_ws/build/kuka_resources', 'catkin_cmake_args': None, 'catkin_skip_building_tests': False, 'cmake_args': None, 'cmake_clean_cache': False, 'cmake_clean_first': False, 'cmake_force_configure': False, 'cmake_target': None, 'cmake_target_skip_unavailable': False, 'install_base': '/home/alex/Desktop/Robot/grupo_07_kuka_kr7_r900_3_ws/install/kuka_resources', 'merge_install': False, 'path': '/home/alex/Desktop/Robot/grupo_07_kuka_kr7_r900_3_ws/src/kuka_robot_descriptions/kuka_resources', 'symlink_install': False, 'test_result_base': None}
[0.400s] Level 5:colcon.colcon_core.verb:set package 'kuka_agilus_support' build argument 'cmake_args' from command line to 'None'
[0.400s] Level 5:colcon.colcon_core.verb:set package 'kuka_agilus_support' build argument 'cmake_target' from command line to 'None'
[0.400s] Level 5:colcon.colcon_core.verb:set package 'kuka_agilus_support' build argument 'cmake_target_skip_unavailable' from command line to 'False'
[0.400s] Level 5:colcon.colcon_core.verb:set package 'kuka_agilus_support' build argument 'cmake_clean_cache' from command line to 'False'
[0.400s] Level 5:colcon.colcon_core.verb:set package 'kuka_agilus_support' build argument 'cmake_clean_first' from command line to 'False'
[0.400s] Level 5:colcon.colcon_core.verb:set package 'kuka_agilus_support' build argument 'cmake_force_configure' from command line to 'False'
[0.400s] Level 5:colcon.colcon_core.verb:set package 'kuka_agilus_support' build argument 'ament_cmake_args' from command line to 'None'
[0.400s] Level 5:colcon.colcon_core.verb:set package 'kuka_agilus_support' build argument 'catkin_cmake_args' from command line to 'None'
[0.400s] Level 5:colcon.colcon_core.verb:set package 'kuka_agilus_support' build argument 'catkin_skip_building_tests' from command line to 'False'
[0.400s] DEBUG:colcon.colcon_core.verb:Building package 'kuka_agilus_support' with the following arguments: {'ament_cmake_args': None, 'build_base': '/home/alex/Desktop/Robot/grupo_07_kuka_kr7_r900_3_ws/build/kuka_agilus_support', 'catkin_cmake_args': None, 'catkin_skip_building_tests': False, 'cmake_args': None, 'cmake_clean_cache': False, 'cmake_clean_first': False, 'cmake_force_configure': False, 'cmake_target': None, 'cmake_target_skip_unavailable': False, 'install_base': '/home/alex/Desktop/Robot/grupo_07_kuka_kr7_r900_3_ws/install/kuka_agilus_support', 'merge_install': False, 'path': '/home/alex/Desktop/Robot/grupo_07_kuka_kr7_r900_3_ws/src/kuka_robot_descriptions/kuka_agilus_support', 'symlink_install': False, 'test_result_base': None}
[0.400s] Level 5:colcon.colcon_core.verb:set package 'grupo07_kuka_kr7_bringup' build argument 'cmake_args' from command line to 'None'
[0.400s] Level 5:colcon.colcon_core.verb:set package 'grupo07_kuka_kr7_bringup' build argument 'cmake_target' from command line to 'None'
[0.400s] Level 5:colcon.colcon_core.verb:set package 'grupo07_kuka_kr7_bringup' build argument 'cmake_target_skip_unavailable' from command line to 'False'
[0.400s] Level 5:colcon.colcon_core.verb:set package 'grupo07_kuka_kr7_bringup' build argument 'cmake_clean_cache' from command line to 'False'
[0.400s] Level 5:colcon.colcon_core.verb:set package 'grupo07_kuka_kr7_bringup' build argument 'cmake_clean_first' from command line to 'False'
[0.400s] Level 5:colcon.colcon_core.verb:set package 'grupo07_kuka_kr7_bringup' build argument 'cmake_force_configure' from command line to 'False'
[0.400s] Level 5:colcon.colcon_core.verb:set package 'grupo07_kuka_kr7_bringup' build argument 'ament_cmake_args' from command line to 'None'
[0.400s] Level 5:colcon.colcon_core.verb:set package 'grupo07_kuka_kr7_bringup' build argument 'catkin_cmake_args' from command line to 'None'
[0.400s] Level 5:colcon.colcon_core.verb:set package 'grupo07_kuka_kr7_bringup' build argument 'catkin_skip_building_tests' from command line to 'False'
[0.400s] DEBUG:colcon.colcon_core.verb:Building package 'grupo07_kuka_kr7_bringup' with the following arguments: {'ament_cmake_args': None, 'build_base': '/home/alex/Desktop/Robot/grupo_07_kuka_kr7_r900_3_ws/build/grupo07_kuka_kr7_bringup', 'catkin_cmake_args': None, 'catkin_skip_building_tests': False, 'cmake_args': None, 'cmake_clean_cache': False, 'cmake_clean_first': False, 'cmake_force_configure': False, 'cmake_target': None, 'cmake_target_skip_unavailable': False, 'install_base': '/home/alex/Desktop/Robot/grupo_07_kuka_kr7_r900_3_ws/install/grupo07_kuka_kr7_bringup', 'merge_install': False, 'path': '/home/alex/Desktop/Robot/grupo_07_kuka_kr7_r900_3_ws/src/grupo07_kuka_kr7_bringup', 'symlink_install': False, 'test_result_base': None}
[0.400s] INFO:colcon.colcon_core.executor:Executing jobs using 'parallel' executor
[0.401s] DEBUG:colcon.colcon_parallel_executor.executor.parallel:run_until_complete
[0.402s] INFO:colcon.colcon_ros.task.ament_cmake.build:Building ROS package in '/home/alex/Desktop/Robot/grupo_07_kuka_kr7_r900_3_ws/src/kuka_robot_descriptions/kuka_resources' with build type 'ament_cmake'
[0.402s] INFO:colcon.colcon_cmake.task.cmake.build:Building CMake package in '/home/alex/Desktop/Robot/grupo_07_kuka_kr7_r900_3_ws/src/kuka_robot_descriptions/kuka_resources'
[0.406s] INFO:colcon.colcon_core.plugin_system:Skipping extension 'colcon_core.shell.bat': Not used on non-Windows systems
[0.406s] INFO:colcon.colcon_core.shell:Skip shell extension 'powershell' for command environment: Not usable outside of PowerShell
[0.406s] DEBUG:colcon.colcon_core.shell:Skip shell extension 'dsv' for command environment
[0.415s] INFO:colcon.colcon_ros.task.ament_python.build:Building ROS package in '/home/alex/Desktop/Robot/grupo_07_kuka_kr7_r900_3_ws/src/grupo07_kuka_kr7_kinematics' with build type 'ament_python'
[0.415s] Level 1:colcon.colcon_core.shell:create_environment_hook('grupo07_kuka_kr7_kinematics', 'ament_prefix_path')
[0.415s] INFO:colcon.colcon_core.shell:Creating environment hook '/home/alex/Desktop/Robot/grupo_07_kuka_kr7_r900_3_ws/install/grupo07_kuka_kr7_kinematics/share/grupo07_kuka_kr7_kinematics/hook/ament_prefix_path.ps1'
[0.416s] INFO:colcon.colcon_core.shell:Creating environment descriptor '/home/alex/Desktop/Robot/grupo_07_kuka_kr7_r900_3_ws/install/grupo07_kuka_kr7_kinematics/share/grupo07_kuka_kr7_kinematics/hook/ament_prefix_path.dsv'
[0.417s] INFO:colcon.colcon_core.shell:Creating environment hook '/home/alex/Desktop/Robot/grupo_07_kuka_kr7_r900_3_ws/install/grupo07_kuka_kr7_kinematics/share/grupo07_kuka_kr7_kinematics/hook/ament_prefix_path.sh'
[0.418s] INFO:colcon.colcon_core.shell:Skip shell extension 'powershell' for command environment: Not usable outside of PowerShell
[0.418s] DEBUG:colcon.colcon_core.shell:Skip shell extension 'dsv' for command environment
[0.426s] INFO:colcon.colcon_ros.task.ament_python.build:Building ROS package in '/home/alex/Desktop/Robot/grupo_07_kuka_kr7_r900_3_ws/src/grupo07_robot_kinematics' with build type 'ament_python'
[0.426s] Level 1:colcon.colcon_core.shell:create_environment_hook('grupo07_robot_kinematics', 'ament_prefix_path')
[0.426s] INFO:colcon.colcon_core.shell:Creating environment hook '/home/alex/Desktop/Robot/grupo_07_kuka_kr7_r900_3_ws/install/grupo07_robot_kinematics/share/grupo07_robot_kinematics/hook/ament_prefix_path.ps1'
[0.427s] INFO:colcon.colcon_core.shell:Creating environment descriptor '/home/alex/Desktop/Robot/grupo_07_kuka_kr7_r900_3_ws/install/grupo07_robot_kinematics/share/grupo07_robot_kinematics/hook/ament_prefix_path.dsv'
[0.427s] INFO:colcon.colcon_core.shell:Creating environment hook '/home/alex/Desktop/Robot/grupo_07_kuka_kr7_r900_3_ws/install/grupo07_robot_kinematics/share/grupo07_robot_kinematics/hook/ament_prefix_path.sh'
[0.428s] INFO:colcon.colcon_core.shell:Skip shell extension 'powershell' for command environment: Not usable outside of PowerShell
[0.428s] DEBUG:colcon.colcon_core.shell:Skip shell extension 'dsv' for command environment
[0.440s] DEBUG:colcon.colcon_core.event_handler.log_command:Invoking command in '/home/alex/Desktop/Robot/grupo_07_kuka_kr7_r900_3_ws/build/kuka_resources': CMAKE_PREFIX_PATH=${CMAKE_PREFIX_PATH}:/home/alex/Desktop/Robot/grupo_07_kuka_kr7_r900_3_ws/install/grupo07_robot_kinematics:/home/alex/Desktop/Robot/grupo_07_kuka_kr7_r900_3_ws/install/grupo07_kuka_kr7_kinematics:/home/alex/Desktop/Robotica/ros2_ws/install/turtlebot_services:/home/alex/Desktop/Robotica/ros2_ws/install/turtlebot3_teleop:/home/alex/Desktop/Robotica/ros2_ws/install/turtlebot3_tasks:/home/alex/Desktop/Robotica/ros2_ws/install/turtlebot3_systems:/home/alex/Desktop/Robotica/ros2_ws/install/turtlebot3_example:/home/alex/Desktop/Robotica/ros2_ws/install/turtlebot3_autorace:/home/alex/Desktop/Robotica/ros2_ws/src/install/turtlebot_services:/home/alex/Desktop/Robotica/ros2_ws/src/install/turtlebot3_teleop:/home/alex/Desktop/Robotica/ros2_ws/src/install/turtlebot3_tasks:/home/alex/Desktop/Robotica/ros2_ws/src/install/turtlebot3_systems:/home/alex/Desktop/Robotica/ros2_ws/src/install/turtlebot3_example:/home/alex/Desktop/Robotica/ros2_ws/src/install/turtlebot3_autorace:/opt/ros/jazzy DEBUGINFOD_URLS=https://debuginfod.ubuntu.com PS1=[ROSLAB d43] \u@\h:\w$ /usr/bin/cmake --build /home/alex/Desktop/Robot/grupo_07_kuka_kr7_r900_3_ws/build/kuka_resources -- -j16 -l16
[0.665s] INFO:colcon.colcon_core.task.python.build:Building Python package in '/home/alex/Desktop/Robot/grupo_07_kuka_kr7_r900_3_ws/src/grupo07_kuka_kr7_kinematics'
[0.666s] INFO:colcon.colcon_core.shell:Skip shell extension 'powershell' for command environment: Not usable outside of PowerShell
[0.666s] DEBUG:colcon.colcon_core.shell:Skip shell extension 'dsv' for command environment
[0.676s] DEBUG:colcon.colcon_core.event_handler.log_command:Invoked command in '/home/alex/Desktop/Robot/grupo_07_kuka_kr7_r900_3_ws/build/kuka_resources' returned '0': CMAKE_PREFIX_PATH=${CMAKE_PREFIX_PATH}:/home/alex/Desktop/Robot/grupo_07_kuka_kr7_r900_3_ws/install/grupo07_robot_kinematics:/home/alex/Desktop/Robot/grupo_07_kuka_kr7_r900_3_ws/install/grupo07_kuka_kr7_kinematics:/home/alex/Desktop/Robotica/ros2_ws/install/turtlebot_services:/home/alex/Desktop/Robotica/ros2_ws/install/turtlebot3_teleop:/home/alex/Desktop/Robotica/ros2_ws/install/turtlebot3_tasks:/home/alex/Desktop/Robotica/ros2_ws/install/turtlebot3_systems:/home/alex/Desktop/Robotica/ros2_ws/install/turtlebot3_example:/home/alex/Desktop/Robotica/ros2_ws/install/turtlebot3_autorace:/home/alex/Desktop/Robotica/ros2_ws/src/install/turtlebot_services:/home/alex/Desktop/Robotica/ros2_ws/src/install/turtlebot3_teleop:/home/alex/Desktop/Robotica/ros2_ws/src/install/turtlebot3_tasks:/home/alex/Desktop/Robotica/ros2_ws/src/install/turtlebot3_systems:/home/alex/Desktop/Robotica/ros2_ws/src/install/turtlebot3_example:/home/alex/Desktop/Robotica/ros2_ws/src/install/turtlebot3_autorace:/opt/ros/jazzy DEBUGINFOD_URLS=https://debuginfod.ubuntu.com PS1=[ROSLAB d43] \u@\h:\w$ /usr/bin/cmake --build /home/alex/Desktop/Robot/grupo_07_kuka_kr7_r900_3_ws/build/kuka_resources -- -j16 -l16
[0.690s] DEBUG:colcon.colcon_core.event_handler.log_command:Invoking command in '/home/alex/Desktop/Robot/grupo_07_kuka_kr7_r900_3_ws/build/kuka_resources': CMAKE_PREFIX_PATH=${CMAKE_PREFIX_PATH}:/home/alex/Desktop/Robot/grupo_07_kuka_kr7_r900_3_ws/install/grupo07_robot_kinematics:/home/alex/Desktop/Robot/grupo_07_kuka_kr7_r900_3_ws/install/grupo07_kuka_kr7_kinematics:/home/alex/Desktop/Robotica/ros2_ws/install/turtlebot_services:/home/alex/Desktop/Robotica/ros2_ws/install/turtlebot3_teleop:/home/alex/Desktop/Robotica/ros2_ws/install/turtlebot3_tasks:/home/alex/Desktop/Robotica/ros2_ws/install/turtlebot3_systems:/home/alex/Desktop/Robotica/ros2_ws/install/turtlebot3_example:/home/alex/Desktop/Robotica/ros2_ws/install/turtlebot3_autorace:/home/alex/Desktop/Robotica/ros2_ws/src/install/turtlebot_services:/home/alex/Desktop/Robotica/ros2_ws/src/install/turtlebot3_teleop:/home/alex/Desktop/Robotica/ros2_ws/src/install/turtlebot3_tasks:/home/alex/Desktop/Robotica/ros2_ws/src/install/turtlebot3_systems:/home/alex/Desktop/Robotica/ros2_ws/src/install/turtlebot3_example:/home/alex/Desktop/Robotica/ros2_ws/src/install/turtlebot3_autorace:/opt/ros/jazzy DEBUGINFOD_URLS=https://debuginfod.ubuntu.com PS1=[ROSLAB d43] \u@\h:\w$ /usr/bin/cmake --install /home/alex/Desktop/Robot/grupo_07_kuka_kr7_r900_3_ws/build/kuka_resources
[0.920s] INFO:colcon.colcon_core.task.python.build:Building Python package in '/home/alex/Desktop/Robot/grupo_07_kuka_kr7_r900_3_ws/src/grupo07_robot_kinematics'
[0.920s] INFO:colcon.colcon_core.shell:Skip shell extension 'powershell' for command environment: Not usable outside of PowerShell
[0.920s] DEBUG:colcon.colcon_core.shell:Skip shell extension 'dsv' for command environment
[0.935s] Level 1:colcon.colcon_core.environment:create_environment_scripts_only(kuka_resources)
[0.936s] DEBUG:colcon.colcon_core.event_handler.log_command:Invoked command in '/home/alex/Desktop/Robot/grupo_07_kuka_kr7_r900_3_ws/build/kuka_resources' returned '0': CMAKE_PREFIX_PATH=${CMAKE_PREFIX_PATH}:/home/alex/Desktop/Robot/grupo_07_kuka_kr7_r900_3_ws/install/grupo07_robot_kinematics:/home/alex/Desktop/Robot/grupo_07_kuka_kr7_r900_3_ws/install/grupo07_kuka_kr7_kinematics:/home/alex/Desktop/Robotica/ros2_ws/install/turtlebot_services:/home/alex/Desktop/Robotica/ros2_ws/install/turtlebot3_teleop:/home/alex/Desktop/Robotica/ros2_ws/install/turtlebot3_tasks:/home/alex/Desktop/Robotica/ros2_ws/install/turtlebot3_systems:/home/alex/Desktop/Robotica/ros2_ws/install/turtlebot3_example:/home/alex/Desktop/Robotica/ros2_ws/install/turtlebot3_autorace:/home/alex/Desktop/Robotica/ros2_ws/src/install/turtlebot_services:/home/alex/Desktop/Robotica/ros2_ws/src/install/turtlebot3_teleop:/home/alex/Desktop/Robotica/ros2_ws/src/install/turtlebot3_tasks:/home/alex/Desktop/Robotica/ros2_ws/src/install/turtlebot3_systems:/home/alex/Desktop/Robotica/ros2_ws/src/install/turtlebot3_example:/home/alex/Desktop/Robotica/ros2_ws/src/install/turtlebot3_autorace:/opt/ros/jazzy DEBUGINFOD_URLS=https://debuginfod.ubuntu.com PS1=[ROSLAB d43] \u@\h:\w$ /usr/bin/cmake --install /home/alex/Desktop/Robot/grupo_07_kuka_kr7_r900_3_ws/build/kuka_resources
[0.941s] Level 1:colcon.colcon_core.environment:checking '/home/alex/Desktop/Robot/grupo_07_kuka_kr7_r900_3_ws/install/kuka_resources' for CMake module files
[0.941s] Level 1:colcon.colcon_core.environment:checking '/home/alex/Desktop/Robot/grupo_07_kuka_kr7_r900_3_ws/install/kuka_resources' for CMake config files
[0.942s] Level 1:colcon.colcon_core.shell:create_environment_hook('kuka_resources', 'cmake_prefix_path')
[0.942s] INFO:colcon.colcon_core.shell:Creating environment hook '/home/alex/Desktop/Robot/grupo_07_kuka_kr7_r900_3_ws/install/kuka_resources/share/kuka_resources/hook/cmake_prefix_path.ps1'
[0.942s] INFO:colcon.colcon_core.shell:Creating environment descriptor '/home/alex/Desktop/Robot/grupo_07_kuka_kr7_r900_3_ws/install/kuka_resources/share/kuka_resources/hook/cmake_prefix_path.dsv'
[0.943s] INFO:colcon.colcon_core.shell:Creating environment hook '/home/alex/Desktop/Robot/grupo_07_kuka_kr7_r900_3_ws/install/kuka_resources/share/kuka_resources/hook/cmake_prefix_path.sh'
[0.943s] Level 1:colcon.colcon_core.environment:checking '/home/alex/Desktop/Robot/grupo_07_kuka_kr7_r900_3_ws/install/kuka_resources/bin'
[0.943s] Level 1:colcon.colcon_core.environment:checking '/home/alex/Desktop/Robot/grupo_07_kuka_kr7_r900_3_ws/install/kuka_resources/lib/pkgconfig/kuka_resources.pc'
[0.944s] Level 1:colcon.colcon_core.environment:checking '/home/alex/Desktop/Robot/grupo_07_kuka_kr7_r900_3_ws/install/kuka_resources/lib/python3.12/site-packages'
[0.944s] Level 1:colcon.colcon_core.environment:checking '/home/alex/Desktop/Robot/grupo_07_kuka_kr7_r900_3_ws/install/kuka_resources/bin'
[0.944s] INFO:colcon.colcon_core.shell:Creating package script '/home/alex/Desktop/Robot/grupo_07_kuka_kr7_r900_3_ws/install/kuka_resources/share/kuka_resources/package.ps1'
[0.945s] INFO:colcon.colcon_core.shell:Creating package descriptor '/home/alex/Desktop/Robot/grupo_07_kuka_kr7_r900_3_ws/install/kuka_resources/share/kuka_resources/package.dsv'
[0.946s] INFO:colcon.colcon_core.shell:Creating package script '/home/alex/Desktop/Robot/grupo_07_kuka_kr7_r900_3_ws/install/kuka_resources/share/kuka_resources/package.sh'
[0.946s] INFO:colcon.colcon_core.shell:Creating package script '/home/alex/Desktop/Robot/grupo_07_kuka_kr7_r900_3_ws/install/kuka_resources/share/kuka_resources/package.bash'
[0.947s] INFO:colcon.colcon_core.shell:Creating package script '/home/alex/Desktop/Robot/grupo_07_kuka_kr7_r900_3_ws/install/kuka_resources/share/kuka_resources/package.zsh'
[0.948s] Level 1:colcon.colcon_core.environment:create_file_with_runtime_dependencies(/home/alex/Desktop/Robot/grupo_07_kuka_kr7_r900_3_ws/install/kuka_resources/share/colcon-core/packages/kuka_resources)
[0.948s] Level 1:colcon.colcon_core.environment:create_environment_scripts_only(kuka_resources)
[0.948s] Level 1:colcon.colcon_core.environment:checking '/home/alex/Desktop/Robot/grupo_07_kuka_kr7_r900_3_ws/install/kuka_resources' for CMake module files
[0.949s] Level 1:colcon.colcon_core.environment:checking '/home/alex/Desktop/Robot/grupo_07_kuka_kr7_r900_3_ws/install/kuka_resources' for CMake config files
[0.949s] Level 1:colcon.colcon_core.shell:create_environment_hook('kuka_resources', 'cmake_prefix_path')
[0.949s] INFO:colcon.colcon_core.shell:Creating environment hook '/home/alex/Desktop/Robot/grupo_07_kuka_kr7_r900_3_ws/install/kuka_resources/share/kuka_resources/hook/cmake_prefix_path.ps1'
[0.950s] INFO:colcon.colcon_core.shell:Creating environment descriptor '/home/alex/Desktop/Robot/grupo_07_kuka_kr7_r900_3_ws/install/kuka_resources/share/kuka_resources/hook/cmake_prefix_path.dsv'
[0.950s] INFO:colcon.colcon_core.shell:Creating environment hook '/home/alex/Desktop/Robot/grupo_07_kuka_kr7_r900_3_ws/install/kuka_resources/share/kuka_resources/hook/cmake_prefix_path.sh'
[0.950s] Level 1:colcon.colcon_core.environment:checking '/home/alex/Desktop/Robot/grupo_07_kuka_kr7_r900_3_ws/install/kuka_resources/bin'
[0.951s] Level 1:colcon.colcon_core.environment:checking '/home/alex/Desktop/Robot/grupo_07_kuka_kr7_r900_3_ws/install/kuka_resources/lib/pkgconfig/kuka_resources.pc'
[0.951s] Level 1:colcon.colcon_core.environment:checking '/home/alex/Desktop/Robot/grupo_07_kuka_kr7_r900_3_ws/install/kuka_resources/lib/python3.12/site-packages'
[0.951s] Level 1:colcon.colcon_core.environment:checking '/home/alex/Desktop/Robot/grupo_07_kuka_kr7_r900_3_ws/install/kuka_resources/bin'
[0.951s] INFO:colcon.colcon_core.shell:Creating package script '/home/alex/Desktop/Robot/grupo_07_kuka_kr7_r900_3_ws/install/kuka_resources/share/kuka_resources/package.ps1'
[0.952s] INFO:colcon.colcon_core.shell:Creating package descriptor '/home/alex/Desktop/Robot/grupo_07_kuka_kr7_r900_3_ws/install/kuka_resources/share/kuka_resources/package.dsv'
[0.952s] INFO:colcon.colcon_core.shell:Creating package script '/home/alex/Desktop/Robot/grupo_07_kuka_kr7_r900_3_ws/install/kuka_resources/share/kuka_resources/package.sh'
[0.952s] INFO:colcon.colcon_core.shell:Creating package script '/home/alex/Desktop/Robot/grupo_07_kuka_kr7_r900_3_ws/install/kuka_resources/share/kuka_resources/package.bash'
[0.953s] INFO:colcon.colcon_core.shell:Creating package script '/home/alex/Desktop/Robot/grupo_07_kuka_kr7_r900_3_ws/install/kuka_resources/share/kuka_resources/package.zsh'
[0.953s] Level 1:colcon.colcon_core.environment:create_file_with_runtime_dependencies(/home/alex/Desktop/Robot/grupo_07_kuka_kr7_r900_3_ws/install/kuka_resources/share/colcon-core/packages/kuka_resources)
[0.953s] INFO:colcon.colcon_ros.task.ament_cmake.build:Building ROS package in '/home/alex/Desktop/Robot/grupo_07_kuka_kr7_r900_3_ws/src/kuka_robot_descriptions/kuka_agilus_support' with build type 'ament_cmake'
[0.953s] INFO:colcon.colcon_cmake.task.cmake.build:Building CMake package in '/home/alex/Desktop/Robot/grupo_07_kuka_kr7_r900_3_ws/src/kuka_robot_descriptions/kuka_agilus_support'
[0.954s] INFO:colcon.colcon_core.shell:Skip shell extension 'powershell' for command environment: Not usable outside of PowerShell
[0.954s] DEBUG:colcon.colcon_core.shell:Skip shell extension 'dsv' for command environment
[0.971s] DEBUG:colcon.colcon_core.event_handler.log_command:Invoking command in '/home/alex/Desktop/Robot/grupo_07_kuka_kr7_r900_3_ws/build/kuka_agilus_support': CMAKE_PREFIX_PATH=/home/alex/Desktop/Robot/grupo_07_kuka_kr7_r900_3_ws/install/kuka_resources:/home/alex/Desktop/Robot/grupo_07_kuka_kr7_r900_3_ws/install/grupo07_kuka_kr7_bringup:/home/alex/Desktop/Robot/grupo_07_kuka_kr7_r900_3_ws/install/kuka_agilus_support:/home/alex/Desktop/Robotica/ros2_ws/install/turtlebot_services_interfaces:/home/alex/Desktop/Robotica/ros2_ws/install/turtlebot3:/home/alex/Desktop/Robotica/ros2_ws/install/turtlebot3_simulations:/home/alex/Desktop/Robotica/ros2_ws/install/turtlebot3_bringup:/home/alex/Desktop/Robotica/ros2_ws/install/turtlebot3_node:/home/alex/Desktop/Robotica/ros2_ws/install/turtlebot3_navigation2:/home/alex/Desktop/Robotica/ros2_ws/install/turtlebot3_fake_node:/home/alex/Desktop/Robotica/ros2_ws/install/turtlebot3_msgs:/home/alex/Desktop/Robotica/ros2_ws/install/turtlebot3_autorace_jazzy:/home/alex/Desktop/Robotica/ros2_ws/install/turtlebot3_gazebo:/home/alex/Desktop/Robotica/ros2_ws/install/turtlebot3_description:/home/alex/Desktop/Robotica/ros2_ws/install/turtlebot3_cartographer:/home/alex/Desktop/Robotica/ros2_ws/install/dynamixel_sdk_examples:/home/alex/Desktop/Robotica/ros2_ws/install/dynamixel_sdk_custom_interfaces:/home/alex/Desktop/Robotica/ros2_ws/install/dynamixel_sdk:/home/alex/Desktop/Robotica/ros2_ws/src/install/turtlebot_services_interfaces:/home/alex/Desktop/Robotica/ros2_ws/src/install/turtlebot3:/home/alex/Desktop/Robotica/ros2_ws/src/install/turtlebot3_simulations:/home/alex/Desktop/Robotica/ros2_ws/src/install/turtlebot3_bringup:/home/alex/Desktop/Robotica/ros2_ws/src/install/turtlebot3_node:/home/alex/Desktop/Robotica/ros2_ws/src/install/turtlebot3_navigation2:/home/alex/Desktop/Robotica/ros2_ws/src/install/turtlebot3_fake_node:/home/alex/Desktop/Robotica/ros2_ws/src/install/turtlebot3_msgs:/home/alex/Desktop/Robotica/ros2_ws/src/install/turtlebot3_autorace_jazzy:/home/alex/Desktop/Robotica/ros2_ws/src/install/turtlebot3_gazebo:/home/alex/Desktop/Robotica/ros2_ws/src/install/turtlebot3_description:/home/alex/Desktop/Robotica/ros2_ws/src/install/turtlebot3_cartographer:/home/alex/Desktop/Robotica/ros2_ws/src/install/dynamixel_sdk_examples:/home/alex/Desktop/Robotica/ros2_ws/src/install/dynamixel_sdk_custom_interfaces:/home/alex/Desktop/Robotica/ros2_ws/src/install/dynamixel_sdk:/opt/ros/jazzy/opt/gz_sim_vendor:/opt/ros/jazzy/opt/gz_sensors_vendor:/opt/ros/jazzy/opt/gz_physics_vendor:/opt/ros/jazzy/opt/sdformat_vendor:/opt/ros/jazzy/opt/gz_gui_vendor:/opt/ros/jazzy/opt/gz_transport_vendor:/opt/ros/jazzy/opt/gz_rendering_vendor:/opt/ros/jazzy/opt/gz_plugin_vendor:/opt/ros/jazzy/opt/gz_fuel_tools_vendor:/opt/ros/jazzy/opt/gz_msgs_vendor:/opt/ros/jazzy/opt/gz_common_vendor:/opt/ros/jazzy/opt/gz_math_vendor:/opt/ros/jazzy/opt/gz_utils_vendor:/opt/ros/jazzy/opt/gz_tools_vendor:/opt/ros/jazzy/opt/gz_ogre_next_vendor:/opt/ros/jazzy/opt/gz_dartsim_vendor:/opt/ros/jazzy/opt/gz_cmake_vendor:/home/alex/Desktop/Robot/grupo_07_kuka_kr7_r900_3_ws/install/grupo07_robot_kinematics:/home/alex/Desktop/Robot/grupo_07_kuka_kr7_r900_3_ws/install/grupo07_kuka_kr7_kinematics:/home/alex/Desktop/Robotica/ros2_ws/install/turtlebot_services:/home/alex/Desktop/Robotica/ros2_ws/install/turtlebot3_teleop:/home/alex/Desktop/Robotica/ros2_ws/install/turtlebot3_tasks:/home/alex/Desktop/Robotica/ros2_ws/install/turtlebot3_systems:/home/alex/Desktop/Robotica/ros2_ws/install/turtlebot3_example:/home/alex/Desktop/Robotica/ros2_ws/install/turtlebot3_autorace:/home/alex/Desktop/Robotica/ros2_ws/src/install/turtlebot_services:/home/alex/Desktop/Robotica/ros2_ws/src/install/turtlebot3_teleop:/home/alex/Desktop/Robotica/ros2_ws/src/install/turtlebot3_tasks:/home/alex/Desktop/Robotica/ros2_ws/src/install/turtlebot3_systems:/home/alex/Desktop/Robotica/ros2_ws/src/install/turtlebot3_example:/home/alex/Desktop/Robotica/ros2_ws/src/install/turtlebot3_autorace:/opt/ros/jazzy DEBUGINFOD_URLS=https://debuginfod.ubuntu.com PS1=[ROSLAB d43] \u@\h:\w$ /usr/bin/cmake --build /home/alex/Desktop/Robot/grupo_07_kuka_kr7_r900_3_ws/build/kuka_agilus_support -- -j16 -l16
[1.019s] DEBUG:colcon.colcon_core.event_handler.log_command:Invoked command in '/home/alex/Desktop/Robot/grupo_07_kuka_kr7_r900_3_ws/build/kuka_agilus_support' returned '0': CMAKE_PREFIX_PATH=/home/alex/Desktop/Robot/grupo_07_kuka_kr7_r900_3_ws/install/kuka_resources:/home/alex/Desktop/Robot/grupo_07_kuka_kr7_r900_3_ws/install/grupo07_kuka_kr7_bringup:/home/alex/Desktop/Robot/grupo_07_kuka_kr7_r900_3_ws/install/kuka_agilus_support:/home/alex/Desktop/Robotica/ros2_ws/install/turtlebot_services_interfaces:/home/alex/Desktop/Robotica/ros2_ws/install/turtlebot3:/home/alex/Desktop/Robotica/ros2_ws/install/turtlebot3_simulations:/home/alex/Desktop/Robotica/ros2_ws/install/turtlebot3_bringup:/home/alex/Desktop/Robotica/ros2_ws/install/turtlebot3_node:/home/alex/Desktop/Robotica/ros2_ws/install/turtlebot3_navigation2:/home/alex/Desktop/Robotica/ros2_ws/install/turtlebot3_fake_node:/home/alex/Desktop/Robotica/ros2_ws/install/turtlebot3_msgs:/home/alex/Desktop/Robotica/ros2_ws/install/turtlebot3_autorace_jazzy:/home/alex/Desktop/Robotica/ros2_ws/install/turtlebot3_gazebo:/home/alex/Desktop/Robotica/ros2_ws/install/turtlebot3_description:/home/alex/Desktop/Robotica/ros2_ws/install/turtlebot3_cartographer:/home/alex/Desktop/Robotica/ros2_ws/install/dynamixel_sdk_examples:/home/alex/Desktop/Robotica/ros2_ws/install/dynamixel_sdk_custom_interfaces:/home/alex/Desktop/Robotica/ros2_ws/install/dynamixel_sdk:/home/alex/Desktop/Robotica/ros2_ws/src/install/turtlebot_services_interfaces:/home/alex/Desktop/Robotica/ros2_ws/src/install/turtlebot3:/home/alex/Desktop/Robotica/ros2_ws/src/install/turtlebot3_simulations:/home/alex/Desktop/Robotica/ros2_ws/src/install/turtlebot3_bringup:/home/alex/Desktop/Robotica/ros2_ws/src/install/turtlebot3_node:/home/alex/Desktop/Robotica/ros2_ws/src/install/turtlebot3_navigation2:/home/alex/Desktop/Robotica/ros2_ws/src/install/turtlebot3_fake_node:/home/alex/Desktop/Robotica/ros2_ws/src/install/turtlebot3_msgs:/home/alex/Desktop/Robotica/ros2_ws/src/install/turtlebot3_autorace_jazzy:/home/alex/Desktop/Robotica/ros2_ws/src/install/turtlebot3_gazebo:/home/alex/Desktop/Robotica/ros2_ws/src/install/turtlebot3_description:/home/alex/Desktop/Robotica/ros2_ws/src/install/turtlebot3_cartographer:/home/alex/Desktop/Robotica/ros2_ws/src/install/dynamixel_sdk_examples:/home/alex/Desktop/Robotica/ros2_ws/src/install/dynamixel_sdk_custom_interfaces:/home/alex/Desktop/Robotica/ros2_ws/src/install/dynamixel_sdk:/opt/ros/jazzy/opt/gz_sim_vendor:/opt/ros/jazzy/opt/gz_sensors_vendor:/opt/ros/jazzy/opt/gz_physics_vendor:/opt/ros/jazzy/opt/sdformat_vendor:/opt/ros/jazzy/opt/gz_gui_vendor:/opt/ros/jazzy/opt/gz_transport_vendor:/opt/ros/jazzy/opt/gz_rendering_vendor:/opt/ros/jazzy/opt/gz_plugin_vendor:/opt/ros/jazzy/opt/gz_fuel_tools_vendor:/opt/ros/jazzy/opt/gz_msgs_vendor:/opt/ros/jazzy/opt/gz_common_vendor:/opt/ros/jazzy/opt/gz_math_vendor:/opt/ros/jazzy/opt/gz_utils_vendor:/opt/ros/jazzy/opt/gz_tools_vendor:/opt/ros/jazzy/opt/gz_ogre_next_vendor:/opt/ros/jazzy/opt/gz_dartsim_vendor:/opt/ros/jazzy/opt/gz_cmake_vendor:/home/alex/Desktop/Robot/grupo_07_kuka_kr7_r900_3_ws/install/grupo07_robot_kinematics:/home/alex/Desktop/Robot/grupo_07_kuka_kr7_r900_3_ws/install/grupo07_kuka_kr7_kinematics:/home/alex/Desktop/Robotica/ros2_ws/install/turtlebot_services:/home/alex/Desktop/Robotica/ros2_ws/install/turtlebot3_teleop:/home/alex/Desktop/Robotica/ros2_ws/install/turtlebot3_tasks:/home/alex/Desktop/Robotica/ros2_ws/install/turtlebot3_systems:/home/alex/Desktop/Robotica/ros2_ws/install/turtlebot3_example:/home/alex/Desktop/Robotica/ros2_ws/install/turtlebot3_autorace:/home/alex/Desktop/Robotica/ros2_ws/src/install/turtlebot_services:/home/alex/Desktop/Robotica/ros2_ws/src/install/turtlebot3_teleop:/home/alex/Desktop/Robotica/ros2_ws/src/install/turtlebot3_tasks:/home/alex/Desktop/Robotica/ros2_ws/src/install/turtlebot3_systems:/home/alex/Desktop/Robotica/ros2_ws/src/install/turtlebot3_example:/home/alex/Desktop/Robotica/ros2_ws/src/install/turtlebot3_autorace:/opt/ros/jazzy DEBUGINFOD_URLS=https://debuginfod.ubuntu.com PS1=[ROSLAB d43] \u@\h:\w$ /usr/bin/cmake --build /home/alex/Desktop/Robot/grupo_07_kuka_kr7_r900_3_ws/build/kuka_agilus_support -- -j16 -l16
[1.021s] DEBUG:colcon.colcon_core.event_handler.log_command:Invoking command in '/home/alex/Desktop/Robot/grupo_07_kuka_kr7_r900_3_ws/build/kuka_agilus_support': CMAKE_PREFIX_PATH=/home/alex/Desktop/Robot/grupo_07_kuka_kr7_r900_3_ws/install/kuka_resources:/home/alex/Desktop/Robot/grupo_07_kuka_kr7_r900_3_ws/install/grupo07_kuka_kr7_bringup:/home/alex/Desktop/Robot/grupo_07_kuka_kr7_r900_3_ws/install/kuka_agilus_support:/home/alex/Desktop/Robotica/ros2_ws/install/turtlebot_services_interfaces:/home/alex/Desktop/Robotica/ros2_ws/install/turtlebot3:/home/alex/Desktop/Robotica/ros2_ws/install/turtlebot3_simulations:/home/alex/Desktop/Robotica/ros2_ws/install/turtlebot3_bringup:/home/alex/Desktop/Robotica/ros2_ws/install/turtlebot3_node:/home/alex/Desktop/Robotica/ros2_ws/install/turtlebot3_navigation2:/home/alex/Desktop/Robotica/ros2_ws/install/turtlebot3_fake_node:/home/alex/Desktop/Robotica/ros2_ws/install/turtlebot3_msgs:/home/alex/Desktop/Robotica/ros2_ws/install/turtlebot3_autorace_jazzy:/home/alex/Desktop/Robotica/ros2_ws/install/turtlebot3_gazebo:/home/alex/Desktop/Robotica/ros2_ws/install/turtlebot3_description:/home/alex/Desktop/Robotica/ros2_ws/install/turtlebot3_cartographer:/home/alex/Desktop/Robotica/ros2_ws/install/dynamixel_sdk_examples:/home/alex/Desktop/Robotica/ros2_ws/install/dynamixel_sdk_custom_interfaces:/home/alex/Desktop/Robotica/ros2_ws/install/dynamixel_sdk:/home/alex/Desktop/Robotica/ros2_ws/src/install/turtlebot_services_interfaces:/home/alex/Desktop/Robotica/ros2_ws/src/install/turtlebot3:/home/alex/Desktop/Robotica/ros2_ws/src/install/turtlebot3_simulations:/home/alex/Desktop/Robotica/ros2_ws/src/install/turtlebot3_bringup:/home/alex/Desktop/Robotica/ros2_ws/src/install/turtlebot3_node:/home/alex/Desktop/Robotica/ros2_ws/src/install/turtlebot3_navigation2:/home/alex/Desktop/Robotica/ros2_ws/src/install/turtlebot3_fake_node:/home/alex/Desktop/Robotica/ros2_ws/src/install/turtlebot3_msgs:/home/alex/Desktop/Robotica/ros2_ws/src/install/turtlebot3_autorace_jazzy:/home/alex/Desktop/Robotica/ros2_ws/src/install/turtlebot3_gazebo:/home/alex/Desktop/Robotica/ros2_ws/src/install/turtlebot3_description:/home/alex/Desktop/Robotica/ros2_ws/src/install/turtlebot3_cartographer:/home/alex/Desktop/Robotica/ros2_ws/src/install/dynamixel_sdk_examples:/home/alex/Desktop/Robotica/ros2_ws/src/install/dynamixel_sdk_custom_interfaces:/home/alex/Desktop/Robotica/ros2_ws/src/install/dynamixel_sdk:/opt/ros/jazzy/opt/gz_sim_vendor:/opt/ros/jazzy/opt/gz_sensors_vendor:/opt/ros/jazzy/opt/gz_physics_vendor:/opt/ros/jazzy/opt/sdformat_vendor:/opt/ros/jazzy/opt/gz_gui_vendor:/opt/ros/jazzy/opt/gz_transport_vendor:/opt/ros/jazzy/opt/gz_rendering_vendor:/opt/ros/jazzy/opt/gz_plugin_vendor:/opt/ros/jazzy/opt/gz_fuel_tools_vendor:/opt/ros/jazzy/opt/gz_msgs_vendor:/opt/ros/jazzy/opt/gz_common_vendor:/opt/ros/jazzy/opt/gz_math_vendor:/opt/ros/jazzy/opt/gz_utils_vendor:/opt/ros/jazzy/opt/gz_tools_vendor:/opt/ros/jazzy/opt/gz_ogre_next_vendor:/opt/ros/jazzy/opt/gz_dartsim_vendor:/opt/ros/jazzy/opt/gz_cmake_vendor:/home/alex/Desktop/Robot/grupo_07_kuka_kr7_r900_3_ws/install/grupo07_robot_kinematics:/home/alex/Desktop/Robot/grupo_07_kuka_kr7_r900_3_ws/install/grupo07_kuka_kr7_kinematics:/home/alex/Desktop/Robotica/ros2_ws/install/turtlebot_services:/home/alex/Desktop/Robotica/ros2_ws/install/turtlebot3_teleop:/home/alex/Desktop/Robotica/ros2_ws/install/turtlebot3_tasks:/home/alex/Desktop/Robotica/ros2_ws/install/turtlebot3_systems:/home/alex/Desktop/Robotica/ros2_ws/install/turtlebot3_example:/home/alex/Desktop/Robotica/ros2_ws/install/turtlebot3_autorace:/home/alex/Desktop/Robotica/ros2_ws/src/install/turtlebot_services:/home/alex/Desktop/Robotica/ros2_ws/src/install/turtlebot3_teleop:/home/alex/Desktop/Robotica/ros2_ws/src/install/turtlebot3_tasks:/home/alex/Desktop/Robotica/ros2_ws/src/install/turtlebot3_systems:/home/alex/Desktop/Robotica/ros2_ws/src/install/turtlebot3_example:/home/alex/Desktop/Robotica/ros2_ws/src/install/turtlebot3_autorace:/opt/ros/jazzy DEBUGINFOD_URLS=https://debuginfod.ubuntu.com PS1=[ROSLAB d43] \u@\h:\w$ /usr/bin/cmake --install /home/alex/Desktop/Robot/grupo_07_kuka_kr7_r900_3_ws/build/kuka_agilus_support
[1.104s] Level 1:colcon.colcon_core.environment:create_environment_scripts_only(kuka_agilus_support)
[1.105s] Level 1:colcon.colcon_core.environment:checking '/home/alex/Desktop/Robot/grupo_07_kuka_kr7_r900_3_ws/install/kuka_agilus_support' for CMake module files
[1.105s] DEBUG:colcon.colcon_core.event_handler.log_command:Invoked command in '/home/alex/Desktop/Robot/grupo_07_kuka_kr7_r900_3_ws/build/kuka_agilus_support' returned '0': CMAKE_PREFIX_PATH=/home/alex/Desktop/Robot/grupo_07_kuka_kr7_r900_3_ws/install/kuka_resources:/home/alex/Desktop/Robot/grupo_07_kuka_kr7_r900_3_ws/install/grupo07_kuka_kr7_bringup:/home/alex/Desktop/Robot/grupo_07_kuka_kr7_r900_3_ws/install/kuka_agilus_support:/home/alex/Desktop/Robotica/ros2_ws/install/turtlebot_services_interfaces:/home/alex/Desktop/Robotica/ros2_ws/install/turtlebot3:/home/alex/Desktop/Robotica/ros2_ws/install/turtlebot3_simulations:/home/alex/Desktop/Robotica/ros2_ws/install/turtlebot3_bringup:/home/alex/Desktop/Robotica/ros2_ws/install/turtlebot3_node:/home/alex/Desktop/Robotica/ros2_ws/install/turtlebot3_navigation2:/home/alex/Desktop/Robotica/ros2_ws/install/turtlebot3_fake_node:/home/alex/Desktop/Robotica/ros2_ws/install/turtlebot3_msgs:/home/alex/Desktop/Robotica/ros2_ws/install/turtlebot3_autorace_jazzy:/home/alex/Desktop/Robotica/ros2_ws/install/turtlebot3_gazebo:/home/alex/Desktop/Robotica/ros2_ws/install/turtlebot3_description:/home/alex/Desktop/Robotica/ros2_ws/install/turtlebot3_cartographer:/home/alex/Desktop/Robotica/ros2_ws/install/dynamixel_sdk_examples:/home/alex/Desktop/Robotica/ros2_ws/install/dynamixel_sdk_custom_interfaces:/home/alex/Desktop/Robotica/ros2_ws/install/dynamixel_sdk:/home/alex/Desktop/Robotica/ros2_ws/src/install/turtlebot_services_interfaces:/home/alex/Desktop/Robotica/ros2_ws/src/install/turtlebot3:/home/alex/Desktop/Robotica/ros2_ws/src/install/turtlebot3_simulations:/home/alex/Desktop/Robotica/ros2_ws/src/install/turtlebot3_bringup:/home/alex/Desktop/Robotica/ros2_ws/src/install/turtlebot3_node:/home/alex/Desktop/Robotica/ros2_ws/src/install/turtlebot3_navigation2:/home/alex/Desktop/Robotica/ros2_ws/src/install/turtlebot3_fake_node:/home/alex/Desktop/Robotica/ros2_ws/src/install/turtlebot3_msgs:/home/alex/Desktop/Robotica/ros2_ws/src/install/turtlebot3_autorace_jazzy:/home/alex/Desktop/Robotica/ros2_ws/src/install/turtlebot3_gazebo:/home/alex/Desktop/Robotica/ros2_ws/src/install/turtlebot3_description:/home/alex/Desktop/Robotica/ros2_ws/src/install/turtlebot3_cartographer:/home/alex/Desktop/Robotica/ros2_ws/src/install/dynamixel_sdk_examples:/home/alex/Desktop/Robotica/ros2_ws/src/install/dynamixel_sdk_custom_interfaces:/home/alex/Desktop/Robotica/ros2_ws/src/install/dynamixel_sdk:/opt/ros/jazzy/opt/gz_sim_vendor:/opt/ros/jazzy/opt/gz_sensors_vendor:/opt/ros/jazzy/opt/gz_physics_vendor:/opt/ros/jazzy/opt/sdformat_vendor:/opt/ros/jazzy/opt/gz_gui_vendor:/opt/ros/jazzy/opt/gz_transport_vendor:/opt/ros/jazzy/opt/gz_rendering_vendor:/opt/ros/jazzy/opt/gz_plugin_vendor:/opt/ros/jazzy/opt/gz_fuel_tools_vendor:/opt/ros/jazzy/opt/gz_msgs_vendor:/opt/ros/jazzy/opt/gz_common_vendor:/opt/ros/jazzy/opt/gz_math_vendor:/opt/ros/jazzy/opt/gz_utils_vendor:/opt/ros/jazzy/opt/gz_tools_vendor:/opt/ros/jazzy/opt/gz_ogre_next_vendor:/opt/ros/jazzy/opt/gz_dartsim_vendor:/opt/ros/jazzy/opt/gz_cmake_vendor:/home/alex/Desktop/Robot/grupo_07_kuka_kr7_r900_3_ws/install/grupo07_robot_kinematics:/home/alex/Desktop/Robot/grupo_07_kuka_kr7_r900_3_ws/install/grupo07_kuka_kr7_kinematics:/home/alex/Desktop/Robotica/ros2_ws/install/turtlebot_services:/home/alex/Desktop/Robotica/ros2_ws/install/turtlebot3_teleop:/home/alex/Desktop/Robotica/ros2_ws/install/turtlebot3_tasks:/home/alex/Desktop/Robotica/ros2_ws/install/turtlebot3_systems:/home/alex/Desktop/Robotica/ros2_ws/install/turtlebot3_example:/home/alex/Desktop/Robotica/ros2_ws/install/turtlebot3_autorace:/home/alex/Desktop/Robotica/ros2_ws/src/install/turtlebot_services:/home/alex/Desktop/Robotica/ros2_ws/src/install/turtlebot3_teleop:/home/alex/Desktop/Robotica/ros2_ws/src/install/turtlebot3_tasks:/home/alex/Desktop/Robotica/ros2_ws/src/install/turtlebot3_systems:/home/alex/Desktop/Robotica/ros2_ws/src/install/turtlebot3_example:/home/alex/Desktop/Robotica/ros2_ws/src/install/turtlebot3_autorace:/opt/ros/jazzy DEBUGINFOD_URLS=https://debuginfod.ubuntu.com PS1=[ROSLAB d43] \u@\h:\w$ /usr/bin/cmake --install /home/alex/Desktop/Robot/grupo_07_kuka_kr7_r900_3_ws/build/kuka_agilus_support
[1.106s] Level 1:colcon.colcon_core.environment:checking '/home/alex/Desktop/Robot/grupo_07_kuka_kr7_r900_3_ws/install/kuka_agilus_support' for CMake config files
[1.106s] Level 1:colcon.colcon_core.shell:create_environment_hook('kuka_agilus_support', 'cmake_prefix_path')
[1.106s] INFO:colcon.colcon_core.shell:Creating environment hook '/home/alex/Desktop/Robot/grupo_07_kuka_kr7_r900_3_ws/install/kuka_agilus_support/share/kuka_agilus_support/hook/cmake_prefix_path.ps1'
[1.107s] INFO:colcon.colcon_core.shell:Creating environment descriptor '/home/alex/Desktop/Robot/grupo_07_kuka_kr7_r900_3_ws/install/kuka_agilus_support/share/kuka_agilus_support/hook/cmake_prefix_path.dsv'
[1.107s] INFO:colcon.colcon_core.shell:Creating environment hook '/home/alex/Desktop/Robot/grupo_07_kuka_kr7_r900_3_ws/install/kuka_agilus_support/share/kuka_agilus_support/hook/cmake_prefix_path.sh'
[1.107s] Level 1:colcon.colcon_core.environment:checking '/home/alex/Desktop/Robot/grupo_07_kuka_kr7_r900_3_ws/install/kuka_agilus_support/bin'
[1.107s] Level 1:colcon.colcon_core.environment:checking '/home/alex/Desktop/Robot/grupo_07_kuka_kr7_r900_3_ws/install/kuka_agilus_support/lib/pkgconfig/kuka_agilus_support.pc'
[1.108s] Level 1:colcon.colcon_core.environment:checking '/home/alex/Desktop/Robot/grupo_07_kuka_kr7_r900_3_ws/install/kuka_agilus_support/lib/python3.12/site-packages'
[1.108s] Level 1:colcon.colcon_core.environment:checking '/home/alex/Desktop/Robot/grupo_07_kuka_kr7_r900_3_ws/install/kuka_agilus_support/bin'
[1.108s] INFO:colcon.colcon_core.shell:Creating package script '/home/alex/Desktop/Robot/grupo_07_kuka_kr7_r900_3_ws/install/kuka_agilus_support/share/kuka_agilus_support/package.ps1'
[1.108s] INFO:colcon.colcon_core.shell:Creating package descriptor '/home/alex/Desktop/Robot/grupo_07_kuka_kr7_r900_3_ws/install/kuka_agilus_support/share/kuka_agilus_support/package.dsv'
[1.109s] INFO:colcon.colcon_core.shell:Creating package script '/home/alex/Desktop/Robot/grupo_07_kuka_kr7_r900_3_ws/install/kuka_agilus_support/share/kuka_agilus_support/package.sh'
[1.109s] INFO:colcon.colcon_core.shell:Creating package script '/home/alex/Desktop/Robot/grupo_07_kuka_kr7_r900_3_ws/install/kuka_agilus_support/share/kuka_agilus_support/package.bash'
[1.109s] INFO:colcon.colcon_core.shell:Creating package script '/home/alex/Desktop/Robot/grupo_07_kuka_kr7_r900_3_ws/install/kuka_agilus_support/share/kuka_agilus_support/package.zsh'
[1.110s] Level 1:colcon.colcon_core.environment:create_file_with_runtime_dependencies(/home/alex/Desktop/Robot/grupo_07_kuka_kr7_r900_3_ws/install/kuka_agilus_support/share/colcon-core/packages/kuka_agilus_support)
[1.110s] Level 1:colcon.colcon_core.environment:create_environment_scripts_only(kuka_agilus_support)
[1.110s] Level 1:colcon.colcon_core.environment:checking '/home/alex/Desktop/Robot/grupo_07_kuka_kr7_r900_3_ws/install/kuka_agilus_support' for CMake module files
[1.110s] Level 1:colcon.colcon_core.environment:checking '/home/alex/Desktop/Robot/grupo_07_kuka_kr7_r900_3_ws/install/kuka_agilus_support' for CMake config files
[1.111s] Level 1:colcon.colcon_core.shell:create_environment_hook('kuka_agilus_support', 'cmake_prefix_path')
[1.111s] INFO:colcon.colcon_core.shell:Creating environment hook '/home/alex/Desktop/Robot/grupo_07_kuka_kr7_r900_3_ws/install/kuka_agilus_support/share/kuka_agilus_support/hook/cmake_prefix_path.ps1'
[1.111s] INFO:colcon.colcon_core.shell:Creating environment descriptor '/home/alex/Desktop/Robot/grupo_07_kuka_kr7_r900_3_ws/install/kuka_agilus_support/share/kuka_agilus_support/hook/cmake_prefix_path.dsv'
[1.111s] INFO:colcon.colcon_core.shell:Creating environment hook '/home/alex/Desktop/Robot/grupo_07_kuka_kr7_r900_3_ws/install/kuka_agilus_support/share/kuka_agilus_support/hook/cmake_prefix_path.sh'
[1.112s] Level 1:colcon.colcon_core.environment:checking '/home/alex/Desktop/Robot/grupo_07_kuka_kr7_r900_3_ws/install/kuka_agilus_support/bin'
[1.112s] Level 1:colcon.colcon_core.environment:checking '/home/alex/Desktop/Robot/grupo_07_kuka_kr7_r900_3_ws/install/kuka_agilus_support/lib/pkgconfig/kuka_agilus_support.pc'
[1.112s] Level 1:colcon.colcon_core.environment:checking '/home/alex/Desktop/Robot/grupo_07_kuka_kr7_r900_3_ws/install/kuka_agilus_support/lib/python3.12/site-packages'
[1.112s] Level 1:colcon.colcon_core.environment:checking '/home/alex/Desktop/Robot/grupo_07_kuka_kr7_r900_3_ws/install/kuka_agilus_support/bin'
[1.112s] INFO:colcon.colcon_core.shell:Creating package script '/home/alex/Desktop/Robot/grupo_07_kuka_kr7_r900_3_ws/install/kuka_agilus_support/share/kuka_agilus_support/package.ps1'
[1.113s] INFO:colcon.colcon_core.shell:Creating package descriptor '/home/alex/Desktop/Robot/grupo_07_kuka_kr7_r900_3_ws/install/kuka_agilus_support/share/kuka_agilus_support/package.dsv'
[1.113s] INFO:colcon.colcon_core.shell:Creating package script '/home/alex/Desktop/Robot/grupo_07_kuka_kr7_r900_3_ws/install/kuka_agilus_support/share/kuka_agilus_support/package.sh'
[1.113s] INFO:colcon.colcon_core.shell:Creating package script '/home/alex/Desktop/Robot/grupo_07_kuka_kr7_r900_3_ws/install/kuka_agilus_support/share/kuka_agilus_support/package.bash'
[1.114s] INFO:colcon.colcon_core.shell:Creating package script '/home/alex/Desktop/Robot/grupo_07_kuka_kr7_r900_3_ws/install/kuka_agilus_support/share/kuka_agilus_support/package.zsh'
[1.114s] Level 1:colcon.colcon_core.environment:create_file_with_runtime_dependencies(/home/alex/Desktop/Robot/grupo_07_kuka_kr7_r900_3_ws/install/kuka_agilus_support/share/colcon-core/packages/kuka_agilus_support)
[1.114s] INFO:colcon.colcon_ros.task.ament_cmake.build:Building ROS package in '/home/alex/Desktop/Robot/grupo_07_kuka_kr7_r900_3_ws/src/grupo07_kuka_kr7_bringup' with build type 'ament_cmake'
[1.114s] INFO:colcon.colcon_cmake.task.cmake.build:Building CMake package in '/home/alex/Desktop/Robot/grupo_07_kuka_kr7_r900_3_ws/src/grupo07_kuka_kr7_bringup'
[1.115s] INFO:colcon.colcon_core.shell:Skip shell extension 'powershell' for command environment: Not usable outside of PowerShell
[1.115s] DEBUG:colcon.colcon_core.shell:Skip shell extension 'dsv' for command environment
[1.130s] DEBUG:colcon.colcon_core.event_handler.log_command:Invoking command in '/home/alex/Desktop/Robot/grupo_07_kuka_kr7_r900_3_ws/build/grupo07_kuka_kr7_bringup': CMAKE_PREFIX_PATH=/home/alex/Desktop/Robot/grupo_07_kuka_kr7_r900_3_ws/install/kuka_agilus_support:/home/alex/Desktop/Robot/grupo_07_kuka_kr7_r900_3_ws/install/kuka_resources:/home/alex/Desktop/Robot/grupo_07_kuka_kr7_r900_3_ws/install/grupo07_kuka_kr7_bringup:/home/alex/Desktop/Robotica/ros2_ws/install/turtlebot_services_interfaces:/home/alex/Desktop/Robotica/ros2_ws/install/turtlebot3:/home/alex/Desktop/Robotica/ros2_ws/install/turtlebot3_simulations:/home/alex/Desktop/Robotica/ros2_ws/install/turtlebot3_bringup:/home/alex/Desktop/Robotica/ros2_ws/install/turtlebot3_node:/home/alex/Desktop/Robotica/ros2_ws/install/turtlebot3_navigation2:/home/alex/Desktop/Robotica/ros2_ws/install/turtlebot3_fake_node:/home/alex/Desktop/Robotica/ros2_ws/install/turtlebot3_msgs:/home/alex/Desktop/Robotica/ros2_ws/install/turtlebot3_autorace_jazzy:/home/alex/Desktop/Robotica/ros2_ws/install/turtlebot3_gazebo:/home/alex/Desktop/Robotica/ros2_ws/install/turtlebot3_description:/home/alex/Desktop/Robotica/ros2_ws/install/turtlebot3_cartographer:/home/alex/Desktop/Robotica/ros2_ws/install/dynamixel_sdk_examples:/home/alex/Desktop/Robotica/ros2_ws/install/dynamixel_sdk_custom_interfaces:/home/alex/Desktop/Robotica/ros2_ws/install/dynamixel_sdk:/home/alex/Desktop/Robotica/ros2_ws/src/install/turtlebot_services_interfaces:/home/alex/Desktop/Robotica/ros2_ws/src/install/turtlebot3:/home/alex/Desktop/Robotica/ros2_ws/src/install/turtlebot3_simulations:/home/alex/Desktop/Robotica/ros2_ws/src/install/turtlebot3_bringup:/home/alex/Desktop/Robotica/ros2_ws/src/install/turtlebot3_node:/home/alex/Desktop/Robotica/ros2_ws/src/install/turtlebot3_navigation2:/home/alex/Desktop/Robotica/ros2_ws/src/install/turtlebot3_fake_node:/home/alex/Desktop/Robotica/ros2_ws/src/install/turtlebot3_msgs:/home/alex/Desktop/Robotica/ros2_ws/src/install/turtlebot3_autorace_jazzy:/home/alex/Desktop/Robotica/ros2_ws/src/install/turtlebot3_gazebo:/home/alex/Desktop/Robotica/ros2_ws/src/install/turtlebot3_description:/home/alex/Desktop/Robotica/ros2_ws/src/install/turtlebot3_cartographer:/home/alex/Desktop/Robotica/ros2_ws/src/install/dynamixel_sdk_examples:/home/alex/Desktop/Robotica/ros2_ws/src/install/dynamixel_sdk_custom_interfaces:/home/alex/Desktop/Robotica/ros2_ws/src/install/dynamixel_sdk:/opt/ros/jazzy/opt/gz_sim_vendor:/opt/ros/jazzy/opt/gz_sensors_vendor:/opt/ros/jazzy/opt/gz_physics_vendor:/opt/ros/jazzy/opt/sdformat_vendor:/opt/ros/jazzy/opt/gz_gui_vendor:/opt/ros/jazzy/opt/gz_transport_vendor:/opt/ros/jazzy/opt/gz_rendering_vendor:/opt/ros/jazzy/opt/gz_plugin_vendor:/opt/ros/jazzy/opt/gz_fuel_tools_vendor:/opt/ros/jazzy/opt/gz_msgs_vendor:/opt/ros/jazzy/opt/gz_common_vendor:/opt/ros/jazzy/opt/gz_math_vendor:/opt/ros/jazzy/opt/gz_utils_vendor:/opt/ros/jazzy/opt/gz_tools_vendor:/opt/ros/jazzy/opt/gz_ogre_next_vendor:/opt/ros/jazzy/opt/gz_dartsim_vendor:/opt/ros/jazzy/opt/gz_cmake_vendor:/home/alex/Desktop/Robot/grupo_07_kuka_kr7_r900_3_ws/install/grupo07_robot_kinematics:/home/alex/Desktop/Robot/grupo_07_kuka_kr7_r900_3_ws/install/grupo07_kuka_kr7_kinematics:/home/alex/Desktop/Robotica/ros2_ws/install/turtlebot_services:/home/alex/Desktop/Robotica/ros2_ws/install/turtlebot3_teleop:/home/alex/Desktop/Robotica/ros2_ws/install/turtlebot3_tasks:/home/alex/Desktop/Robotica/ros2_ws/install/turtlebot3_systems:/home/alex/Desktop/Robotica/ros2_ws/install/turtlebot3_example:/home/alex/Desktop/Robotica/ros2_ws/install/turtlebot3_autorace:/home/alex/Desktop/Robotica/ros2_ws/src/install/turtlebot_services:/home/alex/Desktop/Robotica/ros2_ws/src/install/turtlebot3_teleop:/home/alex/Desktop/Robotica/ros2_ws/src/install/turtlebot3_tasks:/home/alex/Desktop/Robotica/ros2_ws/src/install/turtlebot3_systems:/home/alex/Desktop/Robotica/ros2_ws/src/install/turtlebot3_example:/home/alex/Desktop/Robotica/ros2_ws/src/install/turtlebot3_autorace:/opt/ros/jazzy DEBUGINFOD_URLS=https://debuginfod.ubuntu.com PS1=[ROSLAB d43] \u@\h:\w$ /usr/bin/cmake --build /home/alex/Desktop/Robot/grupo_07_kuka_kr7_r900_3_ws/build/grupo07_kuka_kr7_bringup -- -j16 -l16
[1.174s] DEBUG:colcon.colcon_core.event_handler.log_command:Invoked command in '/home/alex/Desktop/Robot/grupo_07_kuka_kr7_r900_3_ws/build/grupo07_kuka_kr7_bringup' returned '0': CMAKE_PREFIX_PATH=/home/alex/Desktop/Robot/grupo_07_kuka_kr7_r900_3_ws/install/kuka_agilus_support:/home/alex/Desktop/Robot/grupo_07_kuka_kr7_r900_3_ws/install/kuka_resources:/home/alex/Desktop/Robot/grupo_07_kuka_kr7_r900_3_ws/install/grupo07_kuka_kr7_bringup:/home/alex/Desktop/Robotica/ros2_ws/install/turtlebot_services_interfaces:/home/alex/Desktop/Robotica/ros2_ws/install/turtlebot3:/home/alex/Desktop/Robotica/ros2_ws/install/turtlebot3_simulations:/home/alex/Desktop/Robotica/ros2_ws/install/turtlebot3_bringup:/home/alex/Desktop/Robotica/ros2_ws/install/turtlebot3_node:/home/alex/Desktop/Robotica/ros2_ws/install/turtlebot3_navigation2:/home/alex/Desktop/Robotica/ros2_ws/install/turtlebot3_fake_node:/home/alex/Desktop/Robotica/ros2_ws/install/turtlebot3_msgs:/home/alex/Desktop/Robotica/ros2_ws/install/turtlebot3_autorace_jazzy:/home/alex/Desktop/Robotica/ros2_ws/install/turtlebot3_gazebo:/home/alex/Desktop/Robotica/ros2_ws/install/turtlebot3_description:/home/alex/Desktop/Robotica/ros2_ws/install/turtlebot3_cartographer:/home/alex/Desktop/Robotica/ros2_ws/install/dynamixel_sdk_examples:/home/alex/Desktop/Robotica/ros2_ws/install/dynamixel_sdk_custom_interfaces:/home/alex/Desktop/Robotica/ros2_ws/install/dynamixel_sdk:/home/alex/Desktop/Robotica/ros2_ws/src/install/turtlebot_services_interfaces:/home/alex/Desktop/Robotica/ros2_ws/src/install/turtlebot3:/home/alex/Desktop/Robotica/ros2_ws/src/install/turtlebot3_simulations:/home/alex/Desktop/Robotica/ros2_ws/src/install/turtlebot3_bringup:/home/alex/Desktop/Robotica/ros2_ws/src/install/turtlebot3_node:/home/alex/Desktop/Robotica/ros2_ws/src/install/turtlebot3_navigation2:/home/alex/Desktop/Robotica/ros2_ws/src/install/turtlebot3_fake_node:/home/alex/Desktop/Robotica/ros2_ws/src/install/turtlebot3_msgs:/home/alex/Desktop/Robotica/ros2_ws/src/install/turtlebot3_autorace_jazzy:/home/alex/Desktop/Robotica/ros2_ws/src/install/turtlebot3_gazebo:/home/alex/Desktop/Robotica/ros2_ws/src/install/turtlebot3_description:/home/alex/Desktop/Robotica/ros2_ws/src/install/turtlebot3_cartographer:/home/alex/Desktop/Robotica/ros2_ws/src/install/dynamixel_sdk_examples:/home/alex/Desktop/Robotica/ros2_ws/src/install/dynamixel_sdk_custom_interfaces:/home/alex/Desktop/Robotica/ros2_ws/src/install/dynamixel_sdk:/opt/ros/jazzy/opt/gz_sim_vendor:/opt/ros/jazzy/opt/gz_sensors_vendor:/opt/ros/jazzy/opt/gz_physics_vendor:/opt/ros/jazzy/opt/sdformat_vendor:/opt/ros/jazzy/opt/gz_gui_vendor:/opt/ros/jazzy/opt/gz_transport_vendor:/opt/ros/jazzy/opt/gz_rendering_vendor:/opt/ros/jazzy/opt/gz_plugin_vendor:/opt/ros/jazzy/opt/gz_fuel_tools_vendor:/opt/ros/jazzy/opt/gz_msgs_vendor:/opt/ros/jazzy/opt/gz_common_vendor:/opt/ros/jazzy/opt/gz_math_vendor:/opt/ros/jazzy/opt/gz_utils_vendor:/opt/ros/jazzy/opt/gz_tools_vendor:/opt/ros/jazzy/opt/gz_ogre_next_vendor:/opt/ros/jazzy/opt/gz_dartsim_vendor:/opt/ros/jazzy/opt/gz_cmake_vendor:/home/alex/Desktop/Robot/grupo_07_kuka_kr7_r900_3_ws/install/grupo07_robot_kinematics:/home/alex/Desktop/Robot/grupo_07_kuka_kr7_r900_3_ws/install/grupo07_kuka_kr7_kinematics:/home/alex/Desktop/Robotica/ros2_ws/install/turtlebot_services:/home/alex/Desktop/Robotica/ros2_ws/install/turtlebot3_teleop:/home/alex/Desktop/Robotica/ros2_ws/install/turtlebot3_tasks:/home/alex/Desktop/Robotica/ros2_ws/install/turtlebot3_systems:/home/alex/Desktop/Robotica/ros2_ws/install/turtlebot3_example:/home/alex/Desktop/Robotica/ros2_ws/install/turtlebot3_autorace:/home/alex/Desktop/Robotica/ros2_ws/src/install/turtlebot_services:/home/alex/Desktop/Robotica/ros2_ws/src/install/turtlebot3_teleop:/home/alex/Desktop/Robotica/ros2_ws/src/install/turtlebot3_tasks:/home/alex/Desktop/Robotica/ros2_ws/src/install/turtlebot3_systems:/home/alex/Desktop/Robotica/ros2_ws/src/install/turtlebot3_example:/home/alex/Desktop/Robotica/ros2_ws/src/install/turtlebot3_autorace:/opt/ros/jazzy DEBUGINFOD_URLS=https://debuginfod.ubuntu.com PS1=[ROSLAB d43] \u@\h:\w$ /usr/bin/cmake --build /home/alex/Desktop/Robot/grupo_07_kuka_kr7_r900_3_ws/build/grupo07_kuka_kr7_bringup -- -j16 -l16
[1.176s] DEBUG:colcon.colcon_core.event_handler.log_command:Invoking command in '/home/alex/Desktop/Robot/grupo_07_kuka_kr7_r900_3_ws/build/grupo07_kuka_kr7_bringup': CMAKE_PREFIX_PATH=/home/alex/Desktop/Robot/grupo_07_kuka_kr7_r900_3_ws/install/kuka_agilus_support:/home/alex/Desktop/Robot/grupo_07_kuka_kr7_r900_3_ws/install/kuka_resources:/home/alex/Desktop/Robot/grupo_07_kuka_kr7_r900_3_ws/install/grupo07_kuka_kr7_bringup:/home/alex/Desktop/Robotica/ros2_ws/install/turtlebot_services_interfaces:/home/alex/Desktop/Robotica/ros2_ws/install/turtlebot3:/home/alex/Desktop/Robotica/ros2_ws/install/turtlebot3_simulations:/home/alex/Desktop/Robotica/ros2_ws/install/turtlebot3_bringup:/home/alex/Desktop/Robotica/ros2_ws/install/turtlebot3_node:/home/alex/Desktop/Robotica/ros2_ws/install/turtlebot3_navigation2:/home/alex/Desktop/Robotica/ros2_ws/install/turtlebot3_fake_node:/home/alex/Desktop/Robotica/ros2_ws/install/turtlebot3_msgs:/home/alex/Desktop/Robotica/ros2_ws/install/turtlebot3_autorace_jazzy:/home/alex/Desktop/Robotica/ros2_ws/install/turtlebot3_gazebo:/home/alex/Desktop/Robotica/ros2_ws/install/turtlebot3_description:/home/alex/Desktop/Robotica/ros2_ws/install/turtlebot3_cartographer:/home/alex/Desktop/Robotica/ros2_ws/install/dynamixel_sdk_examples:/home/alex/Desktop/Robotica/ros2_ws/install/dynamixel_sdk_custom_interfaces:/home/alex/Desktop/Robotica/ros2_ws/install/dynamixel_sdk:/home/alex/Desktop/Robotica/ros2_ws/src/install/turtlebot_services_interfaces:/home/alex/Desktop/Robotica/ros2_ws/src/install/turtlebot3:/home/alex/Desktop/Robotica/ros2_ws/src/install/turtlebot3_simulations:/home/alex/Desktop/Robotica/ros2_ws/src/install/turtlebot3_bringup:/home/alex/Desktop/Robotica/ros2_ws/src/install/turtlebot3_node:/home/alex/Desktop/Robotica/ros2_ws/src/install/turtlebot3_navigation2:/home/alex/Desktop/Robotica/ros2_ws/src/install/turtlebot3_fake_node:/home/alex/Desktop/Robotica/ros2_ws/src/install/turtlebot3_msgs:/home/alex/Desktop/Robotica/ros2_ws/src/install/turtlebot3_autorace_jazzy:/home/alex/Desktop/Robotica/ros2_ws/src/install/turtlebot3_gazebo:/home/alex/Desktop/Robotica/ros2_ws/src/install/turtlebot3_description:/home/alex/Desktop/Robotica/ros2_ws/src/install/turtlebot3_cartographer:/home/alex/Desktop/Robotica/ros2_ws/src/install/dynamixel_sdk_examples:/home/alex/Desktop/Robotica/ros2_ws/src/install/dynamixel_sdk_custom_interfaces:/home/alex/Desktop/Robotica/ros2_ws/src/install/dynamixel_sdk:/opt/ros/jazzy/opt/gz_sim_vendor:/opt/ros/jazzy/opt/gz_sensors_vendor:/opt/ros/jazzy/opt/gz_physics_vendor:/opt/ros/jazzy/opt/sdformat_vendor:/opt/ros/jazzy/opt/gz_gui_vendor:/opt/ros/jazzy/opt/gz_transport_vendor:/opt/ros/jazzy/opt/gz_rendering_vendor:/opt/ros/jazzy/opt/gz_plugin_vendor:/opt/ros/jazzy/opt/gz_fuel_tools_vendor:/opt/ros/jazzy/opt/gz_msgs_vendor:/opt/ros/jazzy/opt/gz_common_vendor:/opt/ros/jazzy/opt/gz_math_vendor:/opt/ros/jazzy/opt/gz_utils_vendor:/opt/ros/jazzy/opt/gz_tools_vendor:/opt/ros/jazzy/opt/gz_ogre_next_vendor:/opt/ros/jazzy/opt/gz_dartsim_vendor:/opt/ros/jazzy/opt/gz_cmake_vendor:/home/alex/Desktop/Robot/grupo_07_kuka_kr7_r900_3_ws/install/grupo07_robot_kinematics:/home/alex/Desktop/Robot/grupo_07_kuka_kr7_r900_3_ws/install/grupo07_kuka_kr7_kinematics:/home/alex/Desktop/Robotica/ros2_ws/install/turtlebot_services:/home/alex/Desktop/Robotica/ros2_ws/install/turtlebot3_teleop:/home/alex/Desktop/Robotica/ros2_ws/install/turtlebot3_tasks:/home/alex/Desktop/Robotica/ros2_ws/install/turtlebot3_systems:/home/alex/Desktop/Robotica/ros2_ws/install/turtlebot3_example:/home/alex/Desktop/Robotica/ros2_ws/install/turtlebot3_autorace:/home/alex/Desktop/Robotica/ros2_ws/src/install/turtlebot_services:/home/alex/Desktop/Robotica/ros2_ws/src/install/turtlebot3_teleop:/home/alex/Desktop/Robotica/ros2_ws/src/install/turtlebot3_tasks:/home/alex/Desktop/Robotica/ros2_ws/src/install/turtlebot3_systems:/home/alex/Desktop/Robotica/ros2_ws/src/install/turtlebot3_example:/home/alex/Desktop/Robotica/ros2_ws/src/install/turtlebot3_autorace:/opt/ros/jazzy DEBUGINFOD_URLS=https://debuginfod.ubuntu.com PS1=[ROSLAB d43] \u@\h:\w$ /usr/bin/cmake --install /home/alex/Desktop/Robot/grupo_07_kuka_kr7_r900_3_ws/build/grupo07_kuka_kr7_bringup
[1.203s] Level 1:colcon.colcon_core.environment:create_environment_scripts_only(grupo07_kuka_kr7_bringup)
[1.203s] Level 1:colcon.colcon_core.environment:checking '/home/alex/Desktop/Robot/grupo_07_kuka_kr7_r900_3_ws/install/grupo07_kuka_kr7_bringup' for CMake module files
[1.204s] DEBUG:colcon.colcon_core.event_handler.log_command:Invoked command in '/home/alex/Desktop/Robot/grupo_07_kuka_kr7_r900_3_ws/build/grupo07_kuka_kr7_bringup' returned '0': CMAKE_PREFIX_PATH=/home/alex/Desktop/Robot/grupo_07_kuka_kr7_r900_3_ws/install/kuka_agilus_support:/home/alex/Desktop/Robot/grupo_07_kuka_kr7_r900_3_ws/install/kuka_resources:/home/alex/Desktop/Robot/grupo_07_kuka_kr7_r900_3_ws/install/grupo07_kuka_kr7_bringup:/home/alex/Desktop/Robotica/ros2_ws/install/turtlebot_services_interfaces:/home/alex/Desktop/Robotica/ros2_ws/install/turtlebot3:/home/alex/Desktop/Robotica/ros2_ws/install/turtlebot3_simulations:/home/alex/Desktop/Robotica/ros2_ws/install/turtlebot3_bringup:/home/alex/Desktop/Robotica/ros2_ws/install/turtlebot3_node:/home/alex/Desktop/Robotica/ros2_ws/install/turtlebot3_navigation2:/home/alex/Desktop/Robotica/ros2_ws/install/turtlebot3_fake_node:/home/alex/Desktop/Robotica/ros2_ws/install/turtlebot3_msgs:/home/alex/Desktop/Robotica/ros2_ws/install/turtlebot3_autorace_jazzy:/home/alex/Desktop/Robotica/ros2_ws/install/turtlebot3_gazebo:/home/alex/Desktop/Robotica/ros2_ws/install/turtlebot3_description:/home/alex/Desktop/Robotica/ros2_ws/install/turtlebot3_cartographer:/home/alex/Desktop/Robotica/ros2_ws/install/dynamixel_sdk_examples:/home/alex/Desktop/Robotica/ros2_ws/install/dynamixel_sdk_custom_interfaces:/home/alex/Desktop/Robotica/ros2_ws/install/dynamixel_sdk:/home/alex/Desktop/Robotica/ros2_ws/src/install/turtlebot_services_interfaces:/home/alex/Desktop/Robotica/ros2_ws/src/install/turtlebot3:/home/alex/Desktop/Robotica/ros2_ws/src/install/turtlebot3_simulations:/home/alex/Desktop/Robotica/ros2_ws/src/install/turtlebot3_bringup:/home/alex/Desktop/Robotica/ros2_ws/src/install/turtlebot3_node:/home/alex/Desktop/Robotica/ros2_ws/src/install/turtlebot3_navigation2:/home/alex/Desktop/Robotica/ros2_ws/src/install/turtlebot3_fake_node:/home/alex/Desktop/Robotica/ros2_ws/src/install/turtlebot3_msgs:/home/alex/Desktop/Robotica/ros2_ws/src/install/turtlebot3_autorace_jazzy:/home/alex/Desktop/Robotica/ros2_ws/src/install/turtlebot3_gazebo:/home/alex/Desktop/Robotica/ros2_ws/src/install/turtlebot3_description:/home/alex/Desktop/Robotica/ros2_ws/src/install/turtlebot3_cartographer:/home/alex/Desktop/Robotica/ros2_ws/src/install/dynamixel_sdk_examples:/home/alex/Desktop/Robotica/ros2_ws/src/install/dynamixel_sdk_custom_interfaces:/home/alex/Desktop/Robotica/ros2_ws/src/install/dynamixel_sdk:/opt/ros/jazzy/opt/gz_sim_vendor:/opt/ros/jazzy/opt/gz_sensors_vendor:/opt/ros/jazzy/opt/gz_physics_vendor:/opt/ros/jazzy/opt/sdformat_vendor:/opt/ros/jazzy/opt/gz_gui_vendor:/opt/ros/jazzy/opt/gz_transport_vendor:/opt/ros/jazzy/opt/gz_rendering_vendor:/opt/ros/jazzy/opt/gz_plugin_vendor:/opt/ros/jazzy/opt/gz_fuel_tools_vendor:/opt/ros/jazzy/opt/gz_msgs_vendor:/opt/ros/jazzy/opt/gz_common_vendor:/opt/ros/jazzy/opt/gz_math_vendor:/opt/ros/jazzy/opt/gz_utils_vendor:/opt/ros/jazzy/opt/gz_tools_vendor:/opt/ros/jazzy/opt/gz_ogre_next_vendor:/opt/ros/jazzy/opt/gz_dartsim_vendor:/opt/ros/jazzy/opt/gz_cmake_vendor:/home/alex/Desktop/Robot/grupo_07_kuka_kr7_r900_3_ws/install/grupo07_robot_kinematics:/home/alex/Desktop/Robot/grupo_07_kuka_kr7_r900_3_ws/install/grupo07_kuka_kr7_kinematics:/home/alex/Desktop/Robotica/ros2_ws/install/turtlebot_services:/home/alex/Desktop/Robotica/ros2_ws/install/turtlebot3_teleop:/home/alex/Desktop/Robotica/ros2_ws/install/turtlebot3_tasks:/home/alex/Desktop/Robotica/ros2_ws/install/turtlebot3_systems:/home/alex/Desktop/Robotica/ros2_ws/install/turtlebot3_example:/home/alex/Desktop/Robotica/ros2_ws/install/turtlebot3_autorace:/home/alex/Desktop/Robotica/ros2_ws/src/install/turtlebot_services:/home/alex/Desktop/Robotica/ros2_ws/src/install/turtlebot3_teleop:/home/alex/Desktop/Robotica/ros2_ws/src/install/turtlebot3_tasks:/home/alex/Desktop/Robotica/ros2_ws/src/install/turtlebot3_systems:/home/alex/Desktop/Robotica/ros2_ws/src/install/turtlebot3_example:/home/alex/Desktop/Robotica/ros2_ws/src/install/turtlebot3_autorace:/opt/ros/jazzy DEBUGINFOD_URLS=https://debuginfod.ubuntu.com PS1=[ROSLAB d43] \u@\h:\w$ /usr/bin/cmake --install /home/alex/Desktop/Robot/grupo_07_kuka_kr7_r900_3_ws/build/grupo07_kuka_kr7_bringup
[1.204s] Level 1:colcon.colcon_core.environment:checking '/home/alex/Desktop/Robot/grupo_07_kuka_kr7_r900_3_ws/install/grupo07_kuka_kr7_bringup' for CMake config files
[1.204s] Level 1:colcon.colcon_core.shell:create_environment_hook('grupo07_kuka_kr7_bringup', 'cmake_prefix_path')
[1.205s] INFO:colcon.colcon_core.shell:Creating environment hook '/home/alex/Desktop/Robot/grupo_07_kuka_kr7_r900_3_ws/install/grupo07_kuka_kr7_bringup/share/grupo07_kuka_kr7_bringup/hook/cmake_prefix_path.ps1'
[1.205s] INFO:colcon.colcon_core.shell:Creating environment descriptor '/home/alex/Desktop/Robot/grupo_07_kuka_kr7_r900_3_ws/install/grupo07_kuka_kr7_bringup/share/grupo07_kuka_kr7_bringup/hook/cmake_prefix_path.dsv'
[1.205s] INFO:colcon.colcon_core.shell:Creating environment hook '/home/alex/Desktop/Robot/grupo_07_kuka_kr7_r900_3_ws/install/grupo07_kuka_kr7_bringup/share/grupo07_kuka_kr7_bringup/hook/cmake_prefix_path.sh'
[1.206s] Level 1:colcon.colcon_core.environment:checking '/home/alex/Desktop/Robot/grupo_07_kuka_kr7_r900_3_ws/install/grupo07_kuka_kr7_bringup/bin'
[1.206s] Level 1:colcon.colcon_core.environment:checking '/home/alex/Desktop/Robot/grupo_07_kuka_kr7_r900_3_ws/install/grupo07_kuka_kr7_bringup/lib/pkgconfig/grupo07_kuka_kr7_bringup.pc'
[1.206s] Level 1:colcon.colcon_core.environment:checking '/home/alex/Desktop/Robot/grupo_07_kuka_kr7_r900_3_ws/install/grupo07_kuka_kr7_bringup/lib/python3.12/site-packages'
[1.206s] Level 1:colcon.colcon_core.environment:checking '/home/alex/Desktop/Robot/grupo_07_kuka_kr7_r900_3_ws/install/grupo07_kuka_kr7_bringup/bin'
[1.207s] INFO:colcon.colcon_core.shell:Creating package script '/home/alex/Desktop/Robot/grupo_07_kuka_kr7_r900_3_ws/install/grupo07_kuka_kr7_bringup/share/grupo07_kuka_kr7_bringup/package.ps1'
[1.207s] INFO:colcon.colcon_core.shell:Creating package descriptor '/home/alex/Desktop/Robot/grupo_07_kuka_kr7_r900_3_ws/install/grupo07_kuka_kr7_bringup/share/grupo07_kuka_kr7_bringup/package.dsv'
[1.208s] INFO:colcon.colcon_core.shell:Creating package script '/home/alex/Desktop/Robot/grupo_07_kuka_kr7_r900_3_ws/install/grupo07_kuka_kr7_bringup/share/grupo07_kuka_kr7_bringup/package.sh'
[1.208s] INFO:colcon.colcon_core.shell:Creating package script '/home/alex/Desktop/Robot/grupo_07_kuka_kr7_r900_3_ws/install/grupo07_kuka_kr7_bringup/share/grupo07_kuka_kr7_bringup/package.bash'
[1.208s] INFO:colcon.colcon_core.shell:Creating package script '/home/alex/Desktop/Robot/grupo_07_kuka_kr7_r900_3_ws/install/grupo07_kuka_kr7_bringup/share/grupo07_kuka_kr7_bringup/package.zsh'
[1.209s] Level 1:colcon.colcon_core.environment:create_file_with_runtime_dependencies(/home/alex/Desktop/Robot/grupo_07_kuka_kr7_r900_3_ws/install/grupo07_kuka_kr7_bringup/share/colcon-core/packages/grupo07_kuka_kr7_bringup)
[1.209s] Level 1:colcon.colcon_core.environment:create_environment_scripts_only(grupo07_kuka_kr7_bringup)
[1.209s] Level 1:colcon.colcon_core.environment:checking '/home/alex/Desktop/Robot/grupo_07_kuka_kr7_r900_3_ws/install/grupo07_kuka_kr7_bringup' for CMake module files
[1.210s] Level 1:colcon.colcon_core.environment:checking '/home/alex/Desktop/Robot/grupo_07_kuka_kr7_r900_3_ws/install/grupo07_kuka_kr7_bringup' for CMake config files
[1.210s] Level 1:colcon.colcon_core.shell:create_environment_hook('grupo07_kuka_kr7_bringup', 'cmake_prefix_path')
[1.210s] INFO:colcon.colcon_core.shell:Creating environment hook '/home/alex/Desktop/Robot/grupo_07_kuka_kr7_r900_3_ws/install/grupo07_kuka_kr7_bringup/share/grupo07_kuka_kr7_bringup/hook/cmake_prefix_path.ps1'
[1.210s] INFO:colcon.colcon_core.shell:Creating environment descriptor '/home/alex/Desktop/Robot/grupo_07_kuka_kr7_r900_3_ws/install/grupo07_kuka_kr7_bringup/share/grupo07_kuka_kr7_bringup/hook/cmake_prefix_path.dsv'
[1.211s] INFO:colcon.colcon_core.shell:Creating environment hook '/home/alex/Desktop/Robot/grupo_07_kuka_kr7_r900_3_ws/install/grupo07_kuka_kr7_bringup/share/grupo07_kuka_kr7_bringup/hook/cmake_prefix_path.sh'
[1.211s] Level 1:colcon.colcon_core.environment:checking '/home/alex/Desktop/Robot/grupo_07_kuka_kr7_r900_3_ws/install/grupo07_kuka_kr7_bringup/bin'
[1.211s] Level 1:colcon.colcon_core.environment:checking '/home/alex/Desktop/Robot/grupo_07_kuka_kr7_r900_3_ws/install/grupo07_kuka_kr7_bringup/lib/pkgconfig/grupo07_kuka_kr7_bringup.pc'
[1.212s] Level 1:colcon.colcon_core.environment:checking '/home/alex/Desktop/Robot/grupo_07_kuka_kr7_r900_3_ws/install/grupo07_kuka_kr7_bringup/lib/python3.12/site-packages'
[1.212s] Level 1:colcon.colcon_core.environment:checking '/home/alex/Desktop/Robot/grupo_07_kuka_kr7_r900_3_ws/install/grupo07_kuka_kr7_bringup/bin'
[1.212s] INFO:colcon.colcon_core.shell:Creating package script '/home/alex/Desktop/Robot/grupo_07_kuka_kr7_r900_3_ws/install/grupo07_kuka_kr7_bringup/share/grupo07_kuka_kr7_bringup/package.ps1'
[1.213s] INFO:colcon.colcon_core.shell:Creating package descriptor '/home/alex/Desktop/Robot/grupo_07_kuka_kr7_r900_3_ws/install/grupo07_kuka_kr7_bringup/share/grupo07_kuka_kr7_bringup/package.dsv'
[1.213s] INFO:colcon.colcon_core.shell:Creating package script '/home/alex/Desktop/Robot/grupo_07_kuka_kr7_r900_3_ws/install/grupo07_kuka_kr7_bringup/share/grupo07_kuka_kr7_bringup/package.sh'
[1.213s] INFO:colcon.colcon_core.shell:Creating package script '/home/alex/Desktop/Robot/grupo_07_kuka_kr7_r900_3_ws/install/grupo07_kuka_kr7_bringup/share/grupo07_kuka_kr7_bringup/package.bash'
[1.214s] INFO:colcon.colcon_core.shell:Creating package script '/home/alex/Desktop/Robot/grupo_07_kuka_kr7_r900_3_ws/install/grupo07_kuka_kr7_bringup/share/grupo07_kuka_kr7_bringup/package.zsh'
[1.214s] Level 1:colcon.colcon_core.environment:create_file_with_runtime_dependencies(/home/alex/Desktop/Robot/grupo_07_kuka_kr7_r900_3_ws/install/grupo07_kuka_kr7_bringup/share/colcon-core/packages/grupo07_kuka_kr7_bringup)
[1.697s] DEBUG:colcon.colcon_core.task.python.build:Available setuptools commands: upload, bdist, easy_install, build_scripts, update_catalog, sdist, build, build_py, install_data, symlink_data, install_lib, upload_docs, install_egg_info, check, install_scripts, extract_messages, clean, rotate, editable_wheel, egg_info, install_headers, register, bdist_dumb, setopt, build_ext, install, saveopts, bdist_rpm, alias, bdist_wheel, bdist_egg, build_clib, init_catalog, develop, compile_catalog, dist_info, test
[1.700s] DEBUG:colcon.colcon_core.event_handler.log_command:Invoking command in '/home/alex/Desktop/Robot/grupo_07_kuka_kr7_r900_3_ws/src/grupo07_kuka_kr7_kinematics': DEBUGINFOD_URLS=https://debuginfod.ubuntu.com PS1=[ROSLAB d43] \u@\h:\w$ PYTHONPATH=/home/alex/Desktop/Robot/grupo_07_kuka_kr7_r900_3_ws/build/grupo07_kuka_kr7_kinematics/prefix_override:/usr/lib/python3/dist-packages/colcon_core/task/python/colcon_distutils_commands:/home/alex/Desktop/Robot/grupo_07_kuka_kr7_r900_3_ws/install/grupo07_kuka_kr7_kinematics/lib/python3.12/site-packages:${PYTHONPATH} /usr/bin/python3 -W ignore:setup.py install is deprecated -W ignore:easy_install command is deprecated setup.py egg_info --egg-base ../../build/grupo07_kuka_kr7_kinematics build --build-base /home/alex/Desktop/Robot/grupo_07_kuka_kr7_r900_3_ws/build/grupo07_kuka_kr7_kinematics/build install --record /home/alex/Desktop/Robot/grupo_07_kuka_kr7_r900_3_ws/build/grupo07_kuka_kr7_kinematics/install.log --install-scripts $base/lib/grupo07_kuka_kr7_kinematics --single-version-externally-managed install_data
[1.707s] DEBUG:colcon.colcon_core.task.python.build:Available setuptools commands: upload, bdist, easy_install, build_scripts, update_catalog, sdist, build, build_py, install_data, symlink_data, install_lib, upload_docs, install_egg_info, check, install_scripts, extract_messages, clean, rotate, editable_wheel, egg_info, install_headers, register, bdist_dumb, setopt, build_ext, install, saveopts, bdist_rpm, alias, bdist_wheel, bdist_egg, build_clib, init_catalog, develop, compile_catalog, dist_info, test
[1.709s] DEBUG:colcon.colcon_core.event_handler.log_command:Invoking command in '/home/alex/Desktop/Robot/grupo_07_kuka_kr7_r900_3_ws/build/grupo07_robot_kinematics': DEBUGINFOD_URLS=https://debuginfod.ubuntu.com PS1=[ROSLAB d43] \u@\h:\w$ PYTHONPATH=/home/alex/Desktop/Robot/grupo_07_kuka_kr7_r900_3_ws/build/grupo07_robot_kinematics/prefix_override:/usr/lib/python3/dist-packages/colcon_core/task/python/colcon_distutils_commands:/home/alex/Desktop/Robot/grupo_07_kuka_kr7_r900_3_ws/install/grupo07_robot_kinematics/lib/python3.12/site-packages:${PYTHONPATH} /usr/bin/python3 -W ignore:setup.py install is deprecated -W ignore:easy_install command is deprecated setup.py develop --uninstall --editable --build-directory /home/alex/Desktop/Robot/grupo_07_kuka_kr7_r900_3_ws/build/grupo07_robot_kinematics/build
[2.264s] Level 1:colcon.colcon_core.environment:checking '/home/alex/Desktop/Robot/grupo_07_kuka_kr7_r900_3_ws/install/grupo07_kuka_kr7_kinematics' for CMake module files
[2.265s] DEBUG:colcon.colcon_core.event_handler.log_command:Invoked command in '/home/alex/Desktop/Robot/grupo_07_kuka_kr7_r900_3_ws/src/grupo07_kuka_kr7_kinematics' returned '0': DEBUGINFOD_URLS=https://debuginfod.ubuntu.com PS1=[ROSLAB d43] \u@\h:\w$ PYTHONPATH=/home/alex/Desktop/Robot/grupo_07_kuka_kr7_r900_3_ws/build/grupo07_kuka_kr7_kinematics/prefix_override:/usr/lib/python3/dist-packages/colcon_core/task/python/colcon_distutils_commands:/home/alex/Desktop/Robot/grupo_07_kuka_kr7_r900_3_ws/install/grupo07_kuka_kr7_kinematics/lib/python3.12/site-packages:${PYTHONPATH} /usr/bin/python3 -W ignore:setup.py install is deprecated -W ignore:easy_install command is deprecated setup.py egg_info --egg-base ../../build/grupo07_kuka_kr7_kinematics build --build-base /home/alex/Desktop/Robot/grupo_07_kuka_kr7_r900_3_ws/build/grupo07_kuka_kr7_kinematics/build install --record /home/alex/Desktop/Robot/grupo_07_kuka_kr7_r900_3_ws/build/grupo07_kuka_kr7_kinematics/install.log --install-scripts $base/lib/grupo07_kuka_kr7_kinematics --single-version-externally-managed install_data
[2.265s] Level 1:colcon.colcon_core.environment:checking '/home/alex/Desktop/Robot/grupo_07_kuka_kr7_r900_3_ws/install/grupo07_kuka_kr7_kinematics' for CMake config files
[2.266s] Level 1:colcon.colcon_core.environment:checking '/home/alex/Desktop/Robot/grupo_07_kuka_kr7_r900_3_ws/install/grupo07_kuka_kr7_kinematics/lib'
[2.266s] Level 1:colcon.colcon_core.environment:checking '/home/alex/Desktop/Robot/grupo_07_kuka_kr7_r900_3_ws/install/grupo07_kuka_kr7_kinematics/bin'
[2.266s] Level 1:colcon.colcon_core.environment:checking '/home/alex/Desktop/Robot/grupo_07_kuka_kr7_r900_3_ws/install/grupo07_kuka_kr7_kinematics/lib/pkgconfig/grupo07_kuka_kr7_kinematics.pc'
[2.266s] Level 1:colcon.colcon_core.environment:checking '/home/alex/Desktop/Robot/grupo_07_kuka_kr7_r900_3_ws/install/grupo07_kuka_kr7_kinematics/lib/python3.12/site-packages'
[2.266s] Level 1:colcon.colcon_core.shell:create_environment_hook('grupo07_kuka_kr7_kinematics', 'pythonpath')
[2.266s] INFO:colcon.colcon_core.shell:Creating environment hook '/home/alex/Desktop/Robot/grupo_07_kuka_kr7_r900_3_ws/install/grupo07_kuka_kr7_kinematics/share/grupo07_kuka_kr7_kinematics/hook/pythonpath.ps1'
[2.267s] INFO:colcon.colcon_core.shell:Creating environment descriptor '/home/alex/Desktop/Robot/grupo_07_kuka_kr7_r900_3_ws/install/grupo07_kuka_kr7_kinematics/share/grupo07_kuka_kr7_kinematics/hook/pythonpath.dsv'
[2.267s] INFO:colcon.colcon_core.shell:Creating environment hook '/home/alex/Desktop/Robot/grupo_07_kuka_kr7_r900_3_ws/install/grupo07_kuka_kr7_kinematics/share/grupo07_kuka_kr7_kinematics/hook/pythonpath.sh'
[2.268s] Level 1:colcon.colcon_core.environment:checking '/home/alex/Desktop/Robot/grupo_07_kuka_kr7_r900_3_ws/install/grupo07_kuka_kr7_kinematics/bin'
[2.268s] Level 1:colcon.colcon_core.environment:create_environment_scripts_only(grupo07_kuka_kr7_kinematics)
[2.268s] INFO:colcon.colcon_core.shell:Creating package script '/home/alex/Desktop/Robot/grupo_07_kuka_kr7_r900_3_ws/install/grupo07_kuka_kr7_kinematics/share/grupo07_kuka_kr7_kinematics/package.ps1'
[2.269s] INFO:colcon.colcon_core.shell:Creating package descriptor '/home/alex/Desktop/Robot/grupo_07_kuka_kr7_r900_3_ws/install/grupo07_kuka_kr7_kinematics/share/grupo07_kuka_kr7_kinematics/package.dsv'
[2.269s] INFO:colcon.colcon_core.shell:Creating package script '/home/alex/Desktop/Robot/grupo_07_kuka_kr7_r900_3_ws/install/grupo07_kuka_kr7_kinematics/share/grupo07_kuka_kr7_kinematics/package.sh'
[2.269s] INFO:colcon.colcon_core.shell:Creating package script '/home/alex/Desktop/Robot/grupo_07_kuka_kr7_r900_3_ws/install/grupo07_kuka_kr7_kinematics/share/grupo07_kuka_kr7_kinematics/package.bash'
[2.270s] INFO:colcon.colcon_core.shell:Creating package script '/home/alex/Desktop/Robot/grupo_07_kuka_kr7_r900_3_ws/install/grupo07_kuka_kr7_kinematics/share/grupo07_kuka_kr7_kinematics/package.zsh'
[2.270s] Level 1:colcon.colcon_core.environment:create_file_with_runtime_dependencies(/home/alex/Desktop/Robot/grupo_07_kuka_kr7_r900_3_ws/install/grupo07_kuka_kr7_kinematics/share/colcon-core/packages/grupo07_kuka_kr7_kinematics)
[2.271s] DEBUG:colcon.colcon_core.event_handler.log_command:Invoked command in '/home/alex/Desktop/Robot/grupo_07_kuka_kr7_r900_3_ws/build/grupo07_robot_kinematics' returned '0': DEBUGINFOD_URLS=https://debuginfod.ubuntu.com PS1=[ROSLAB d43] \u@\h:\w$ PYTHONPATH=/home/alex/Desktop/Robot/grupo_07_kuka_kr7_r900_3_ws/build/grupo07_robot_kinematics/prefix_override:/usr/lib/python3/dist-packages/colcon_core/task/python/colcon_distutils_commands:/home/alex/Desktop/Robot/grupo_07_kuka_kr7_r900_3_ws/install/grupo07_robot_kinematics/lib/python3.12/site-packages:${PYTHONPATH} /usr/bin/python3 -W ignore:setup.py install is deprecated -W ignore:easy_install command is deprecated setup.py develop --uninstall --editable --build-directory /home/alex/Desktop/Robot/grupo_07_kuka_kr7_r900_3_ws/build/grupo07_robot_kinematics/build
[2.273s] DEBUG:colcon.colcon_core.event_handler.log_command:Invoking command in '/home/alex/Desktop/Robot/grupo_07_kuka_kr7_r900_3_ws/src/grupo07_robot_kinematics': DEBUGINFOD_URLS=https://debuginfod.ubuntu.com PS1=[ROSLAB d43] \u@\h:\w$ PYTHONPATH=/home/alex/Desktop/Robot/grupo_07_kuka_kr7_r900_3_ws/build/grupo07_robot_kinematics/prefix_override:/usr/lib/python3/dist-packages/colcon_core/task/python/colcon_distutils_commands:/home/alex/Desktop/Robot/grupo_07_kuka_kr7_r900_3_ws/install/grupo07_robot_kinematics/lib/python3.12/site-packages:${PYTHONPATH} /usr/bin/python3 -W ignore:setup.py install is deprecated -W ignore:easy_install command is deprecated setup.py egg_info --egg-base ../../build/grupo07_robot_kinematics build --build-base /home/alex/Desktop/Robot/grupo_07_kuka_kr7_r900_3_ws/build/grupo07_robot_kinematics/build install --record /home/alex/Desktop/Robot/grupo_07_kuka_kr7_r900_3_ws/build/grupo07_robot_kinematics/install.log --install-scripts $base/lib/grupo07_robot_kinematics --single-version-externally-managed install_data --force
[2.815s] Level 1:colcon.colcon_core.environment:checking '/home/alex/Desktop/Robot/grupo_07_kuka_kr7_r900_3_ws/install/grupo07_robot_kinematics' for CMake module files
[2.815s] DEBUG:colcon.colcon_core.event_handler.log_command:Invoked command in '/home/alex/Desktop/Robot/grupo_07_kuka_kr7_r900_3_ws/src/grupo07_robot_kinematics' returned '0': DEBUGINFOD_URLS=https://debuginfod.ubuntu.com PS1=[ROSLAB d43] \u@\h:\w$ PYTHONPATH=/home/alex/Desktop/Robot/grupo_07_kuka_kr7_r900_3_ws/build/grupo07_robot_kinematics/prefix_override:/usr/lib/python3/dist-packages/colcon_core/task/python/colcon_distutils_commands:/home/alex/Desktop/Robot/grupo_07_kuka_kr7_r900_3_ws/install/grupo07_robot_kinematics/lib/python3.12/site-packages:${PYTHONPATH} /usr/bin/python3 -W ignore:setup.py install is deprecated -W ignore:easy_install command is deprecated setup.py egg_info --egg-base ../../build/grupo07_robot_kinematics build --build-base /home/alex/Desktop/Robot/grupo_07_kuka_kr7_r900_3_ws/build/grupo07_robot_kinematics/build install --record /home/alex/Desktop/Robot/grupo_07_kuka_kr7_r900_3_ws/build/grupo07_robot_kinematics/install.log --install-scripts $base/lib/grupo07_robot_kinematics --single-version-externally-managed install_data --force
[2.816s] Level 1:colcon.colcon_core.environment:checking '/home/alex/Desktop/Robot/grupo_07_kuka_kr7_r900_3_ws/install/grupo07_robot_kinematics' for CMake config files
[2.816s] Level 1:colcon.colcon_core.environment:checking '/home/alex/Desktop/Robot/grupo_07_kuka_kr7_r900_3_ws/install/grupo07_robot_kinematics/lib'
[2.816s] Level 1:colcon.colcon_core.environment:checking '/home/alex/Desktop/Robot/grupo_07_kuka_kr7_r900_3_ws/install/grupo07_robot_kinematics/bin'
[2.816s] Level 1:colcon.colcon_core.environment:checking '/home/alex/Desktop/Robot/grupo_07_kuka_kr7_r900_3_ws/install/grupo07_robot_kinematics/lib/pkgconfig/grupo07_robot_kinematics.pc'
[2.816s] Level 1:colcon.colcon_core.environment:checking '/home/alex/Desktop/Robot/grupo_07_kuka_kr7_r900_3_ws/install/grupo07_robot_kinematics/lib/python3.12/site-packages'
[2.816s] Level 1:colcon.colcon_core.shell:create_environment_hook('grupo07_robot_kinematics', 'pythonpath')
[2.817s] INFO:colcon.colcon_core.shell:Creating environment hook '/home/alex/Desktop/Robot/grupo_07_kuka_kr7_r900_3_ws/install/grupo07_robot_kinematics/share/grupo07_robot_kinematics/hook/pythonpath.ps1'
[2.817s] INFO:colcon.colcon_core.shell:Creating environment descriptor '/home/alex/Desktop/Robot/grupo_07_kuka_kr7_r900_3_ws/install/grupo07_robot_kinematics/share/grupo07_robot_kinematics/hook/pythonpath.dsv'
[2.817s] INFO:colcon.colcon_core.shell:Creating environment hook '/home/alex/Desktop/Robot/grupo_07_kuka_kr7_r900_3_ws/install/grupo07_robot_kinematics/share/grupo07_robot_kinematics/hook/pythonpath.sh'
[2.818s] Level 1:colcon.colcon_core.environment:checking '/home/alex/Desktop/Robot/grupo_07_kuka_kr7_r900_3_ws/install/grupo07_robot_kinematics/bin'
[2.818s] Level 1:colcon.colcon_core.environment:create_environment_scripts_only(grupo07_robot_kinematics)
[2.818s] INFO:colcon.colcon_core.shell:Creating package script '/home/alex/Desktop/Robot/grupo_07_kuka_kr7_r900_3_ws/install/grupo07_robot_kinematics/share/grupo07_robot_kinematics/package.ps1'
[2.819s] INFO:colcon.colcon_core.shell:Creating package descriptor '/home/alex/Desktop/Robot/grupo_07_kuka_kr7_r900_3_ws/install/grupo07_robot_kinematics/share/grupo07_robot_kinematics/package.dsv'
[2.819s] INFO:colcon.colcon_core.shell:Creating package script '/home/alex/Desktop/Robot/grupo_07_kuka_kr7_r900_3_ws/install/grupo07_robot_kinematics/share/grupo07_robot_kinematics/package.sh'
[2.819s] INFO:colcon.colcon_core.shell:Creating package script '/home/alex/Desktop/Robot/grupo_07_kuka_kr7_r900_3_ws/install/grupo07_robot_kinematics/share/grupo07_robot_kinematics/package.bash'
[2.820s] INFO:colcon.colcon_core.shell:Creating package script '/home/alex/Desktop/Robot/grupo_07_kuka_kr7_r900_3_ws/install/grupo07_robot_kinematics/share/grupo07_robot_kinematics/package.zsh'
[2.820s] Level 1:colcon.colcon_core.environment:create_file_with_runtime_dependencies(/home/alex/Desktop/Robot/grupo_07_kuka_kr7_r900_3_ws/install/grupo07_robot_kinematics/share/colcon-core/packages/grupo07_robot_kinematics)
[2.820s] DEBUG:colcon.colcon_parallel_executor.executor.parallel:closing loop
[2.821s] DEBUG:colcon.colcon_parallel_executor.executor.parallel:loop closed
[2.821s] DEBUG:colcon.colcon_parallel_executor.executor.parallel:run_until_complete finished with '0'
[2.821s] DEBUG:colcon.colcon_core.event_reactor:joining thread
[2.828s] INFO:colcon.colcon_core.plugin_system:Skipping extension 'colcon_notification.desktop_notification.terminal_notifier': Not used on non-Darwin systems
[2.828s] INFO:colcon.colcon_core.plugin_system:Skipping extension 'colcon_notification.desktop_notification.win32': Not used on non-Windows systems
[2.828s] INFO:colcon.colcon_notification.desktop_notification:Sending desktop notification using 'notify2'
[2.841s] DEBUG:colcon.colcon_core.event_reactor:joined thread
[2.841s] INFO:colcon.colcon_core.shell:Creating prefix script '/home/alex/Desktop/Robot/grupo_07_kuka_kr7_r900_3_ws/install/local_setup.ps1'
[2.843s] INFO:colcon.colcon_core.shell:Creating prefix util module '/home/alex/Desktop/Robot/grupo_07_kuka_kr7_r900_3_ws/install/_local_setup_util_ps1.py'
[2.844s] INFO:colcon.colcon_core.shell:Creating prefix chain script '/home/alex/Desktop/Robot/grupo_07_kuka_kr7_r900_3_ws/install/setup.ps1'
[2.848s] INFO:colcon.colcon_core.shell:Creating prefix script '/home/alex/Desktop/Robot/grupo_07_kuka_kr7_r900_3_ws/install/local_setup.sh'
[2.849s] INFO:colcon.colcon_core.shell:Creating prefix util module '/home/alex/Desktop/Robot/grupo_07_kuka_kr7_r900_3_ws/install/_local_setup_util_sh.py'
[2.849s] INFO:colcon.colcon_core.shell:Creating prefix chain script '/home/alex/Desktop/Robot/grupo_07_kuka_kr7_r900_3_ws/install/setup.sh'
[2.852s] INFO:colcon.colcon_core.shell:Creating prefix script '/home/alex/Desktop/Robot/grupo_07_kuka_kr7_r900_3_ws/install/local_setup.bash'
[2.853s] INFO:colcon.colcon_core.shell:Creating prefix chain script '/home/alex/Desktop/Robot/grupo_07_kuka_kr7_r900_3_ws/install/setup.bash'
[2.857s] INFO:colcon.colcon_core.shell:Creating prefix script '/home/alex/Desktop/Robot/grupo_07_kuka_kr7_r900_3_ws/install/local_setup.zsh'
[2.857s] INFO:colcon.colcon_core.shell:Creating prefix chain script '/home/alex/Desktop/Robot/grupo_07_kuka_kr7_r900_3_ws/install/setup.zsh'
