[0.102s] DEBUG:colcon:Command line arguments: ['/usr/bin/colcon', 'build']
[0.102s] DEBUG:colcon:Parsed command line arguments: Namespace(log_base=None, log_level=None, verb_name='build', build_base='build', install_base='install', merge_install=False, symlink_install=False, test_result_base=None, continue_on_error=False, executor='parallel', parallel_workers=16, event_handlers=None, ignore_user_meta=False, metas=['./colcon.meta'], base_paths=['.'], packages_ignore=None, packages_ignore_regex=None, paths=None, packages_up_to=None, packages_up_to_regex=None, packages_above=None, packages_above_and_dependencies=None, packages_above_depth=None, packages_select_by_dep=None, packages_skip_by_dep=None, packages_skip_up_to=None, packages_select_build_failed=False, packages_skip_build_finished=False, packages_select_test_failures=False, packages_skip_test_passed=False, packages_select=None, packages_skip=None, packages_select_regex=None, packages_skip_regex=None, packages_start=None, packages_end=None, allow_overriding=[], cmake_args=None, cmake_target=None, cmake_target_skip_unavailable=False, cmake_clean_cache=False, cmake_clean_first=False, cmake_force_configure=False, ament_cmake_args=None, catkin_cmake_args=None, catkin_skip_building_tests=False, mixin_files=None, mixin=None, verb_parser=<colcon_mixin.mixin.mixin_argument.MixinArgumentDecorator object at 0x7d9e927caa50>, verb_extension=<colcon_core.verb.build.BuildVerb object at 0x7d9e928e3200>, main=<bound method BuildVerb.main of <colcon_core.verb.build.BuildVerb object at 0x7d9e928e3200>>, mixin_verb=('build',))
[0.137s] Level 1:colcon.colcon_core.package_discovery:discover_packages(colcon_meta) check parameters
[0.137s] Level 1:colcon.colcon_core.package_discovery:discover_packages(recursive) check parameters
[0.137s] Level 1:colcon.colcon_core.package_discovery:discover_packages(ignore) check parameters
[0.137s] Level 1:colcon.colcon_core.package_discovery:discover_packages(path) check parameters
[0.137s] Level 1:colcon.colcon_core.package_discovery:discover_packages(colcon_meta) discover
[0.138s] Level 1:colcon.colcon_core.package_discovery:discover_packages(recursive) discover
[0.138s] INFO:colcon.colcon_core.package_discovery:Crawling recursively for packages in '/home/alex/Desktop/Robot/grupo_07_kuka_kr7_r900_3_ws'
[0.138s] Level 1:colcon.colcon_core.package_identification:_identify(.) by extensions ['ignore', 'ignore_ament_install']
[0.138s] Level 1:colcon.colcon_core.package_identification:_identify(.) by extension 'ignore'
[0.138s] Level 1:colcon.colcon_core.package_identification:_identify(.) by extension 'ignore_ament_install'
[0.138s] Level 1:colcon.colcon_core.package_identification:_identify(.) by extensions ['colcon_pkg']
[0.138s] Level 1:colcon.colcon_core.package_identification:_identify(.) by extension 'colcon_pkg'
[0.138s] Level 1:colcon.colcon_core.package_identification:_identify(.) by extensions ['colcon_meta']
[0.138s] Level 1:colcon.colcon_core.package_identification:_identify(.) by extension 'colcon_meta'
[0.138s] Level 1:colcon.colcon_core.package_identification:_identify(.) by extensions ['ros']
[0.138s] Level 1:colcon.colcon_core.package_identification:_identify(.) by extension 'ros'
[0.159s] Level 1:colcon.colcon_core.package_identification:_identify(.) by extensions ['cmake', 'python']
[0.159s] Level 1:colcon.colcon_core.package_identification:_identify(.) by extension 'cmake'
[0.159s] Level 1:colcon.colcon_core.package_identification:_identify(.) by extension 'python'
[0.159s] Level 1:colcon.colcon_core.package_identification:_identify(.) by extensions ['python_setup_py']
[0.159s] Level 1:colcon.colcon_core.package_identification:_identify(.) by extension 'python_setup_py'
[0.159s] Level 1:colcon.colcon_core.package_identification:_identify(build) by extensions ['ignore', 'ignore_ament_install']
[0.159s] Level 1:colcon.colcon_core.package_identification:_identify(build) by extension 'ignore'
[0.159s] Level 1:colcon.colcon_core.package_identification:_identify(build) ignored
[0.159s] Level 1:colcon.colcon_core.package_identification:_identify(docs) by extensions ['ignore', 'ignore_ament_install']
[0.159s] Level 1:colcon.colcon_core.package_identification:_identify(docs) by extension 'ignore'
[0.159s] Level 1:colcon.colcon_core.package_identification:_identify(docs) by extension 'ignore_ament_install'
[0.159s] Level 1:colcon.colcon_core.package_identification:_identify(docs) by extensions ['colcon_pkg']
[0.159s] Level 1:colcon.colcon_core.package_identification:_identify(docs) by extension 'colcon_pkg'
[0.160s] Level 1:colcon.colcon_core.package_identification:_identify(docs) by extensions ['colcon_meta']
[0.160s] Level 1:colcon.colcon_core.package_identification:_identify(docs) by extension 'colcon_meta'
[0.160s] Level 1:colcon.colcon_core.package_identification:_identify(docs) by extensions ['ros']
[0.160s] Level 1:colcon.colcon_core.package_identification:_identify(docs) by extension 'ros'
[0.160s] Level 1:colcon.colcon_core.package_identification:_identify(docs) by extensions ['cmake', 'python']
[0.160s] Level 1:colcon.colcon_core.package_identification:_identify(docs) by extension 'cmake'
[0.160s] Level 1:colcon.colcon_core.package_identification:_identify(docs) by extension 'python'
[0.160s] Level 1:colcon.colcon_core.package_identification:_identify(docs) by extensions ['python_setup_py']
[0.160s] Level 1:colcon.colcon_core.package_identification:_identify(docs) by extension 'python_setup_py'
[0.160s] Level 1:colcon.colcon_core.package_identification:_identify(install) by extensions ['ignore', 'ignore_ament_install']
[0.160s] Level 1:colcon.colcon_core.package_identification:_identify(install) by extension 'ignore'
[0.160s] Level 1:colcon.colcon_core.package_identification:_identify(install) ignored
[0.160s] Level 1:colcon.colcon_core.package_identification:_identify(log) by extensions ['ignore', 'ignore_ament_install']
[0.160s] Level 1:colcon.colcon_core.package_identification:_identify(log) by extension 'ignore'
[0.160s] Level 1:colcon.colcon_core.package_identification:_identify(log) ignored
[0.160s] Level 1:colcon.colcon_core.package_identification:_identify(src) by extensions ['ignore', 'ignore_ament_install']
[0.160s] Level 1:colcon.colcon_core.package_identification:_identify(src) by extension 'ignore'
[0.160s] Level 1:colcon.colcon_core.package_identification:_identify(src) by extension 'ignore_ament_install'
[0.160s] Level 1:colcon.colcon_core.package_identification:_identify(src) by extensions ['colcon_pkg']
[0.160s] Level 1:colcon.colcon_core.package_identification:_identify(src) by extension 'colcon_pkg'
[0.161s] Level 1:colcon.colcon_core.package_identification:_identify(src) by extensions ['colcon_meta']
[0.161s] Level 1:colcon.colcon_core.package_identification:_identify(src) by extension 'colcon_meta'
[0.161s] Level 1:colcon.colcon_core.package_identification:_identify(src) by extensions ['ros']
[0.161s] Level 1:colcon.colcon_core.package_identification:_identify(src) by extension 'ros'
[0.161s] Level 1:colcon.colcon_core.package_identification:_identify(src) by extensions ['cmake', 'python']
[0.161s] Level 1:colcon.colcon_core.package_identification:_identify(src) by extension 'cmake'
[0.161s] Level 1:colcon.colcon_core.package_identification:_identify(src) by extension 'python'
[0.161s] Level 1:colcon.colcon_core.package_identification:_identify(src) by extensions ['python_setup_py']
[0.161s] Level 1:colcon.colcon_core.package_identification:_identify(src) by extension 'python_setup_py'
[0.161s] Level 1:colcon.colcon_core.package_identification:_identify(src/grupo07_kuka_kr7_bringup) by extensions ['ignore', 'ignore_ament_install']
[0.161s] Level 1:colcon.colcon_core.package_identification:_identify(src/grupo07_kuka_kr7_bringup) by extension 'ignore'
[0.161s] Level 1:colcon.colcon_core.package_identification:_identify(src/grupo07_kuka_kr7_bringup) by extension 'ignore_ament_install'
[0.161s] Level 1:colcon.colcon_core.package_identification:_identify(src/grupo07_kuka_kr7_bringup) by extensions ['colcon_pkg']
[0.161s] Level 1:colcon.colcon_core.package_identification:_identify(src/grupo07_kuka_kr7_bringup) by extension 'colcon_pkg'
[0.161s] Level 1:colcon.colcon_core.package_identification:_identify(src/grupo07_kuka_kr7_bringup) by extensions ['colcon_meta']
[0.161s] Level 1:colcon.colcon_core.package_identification:_identify(src/grupo07_kuka_kr7_bringup) by extension 'colcon_meta'
[0.161s] Level 1:colcon.colcon_core.package_identification:_identify(src/grupo07_kuka_kr7_bringup) by extensions ['ros']
[0.161s] Level 1:colcon.colcon_core.package_identification:_identify(src/grupo07_kuka_kr7_bringup) by extension 'ros'
[0.163s] DEBUG:colcon.colcon_core.package_identification:Package 'src/grupo07_kuka_kr7_bringup' with type 'ros.ament_cmake' and name 'grupo07_kuka_kr7_bringup'
[0.163s] Level 1:colcon.colcon_core.package_identification:_identify(src/grupo07_kuka_kr7_kinematics) by extensions ['ignore', 'ignore_ament_install']
[0.163s] Level 1:colcon.colcon_core.package_identification:_identify(src/grupo07_kuka_kr7_kinematics) by extension 'ignore'
[0.163s] Level 1:colcon.colcon_core.package_identification:_identify(src/grupo07_kuka_kr7_kinematics) by extension 'ignore_ament_install'
[0.163s] Level 1:colcon.colcon_core.package_identification:_identify(src/grupo07_kuka_kr7_kinematics) by extensions ['colcon_pkg']
[0.163s] Level 1:colcon.colcon_core.package_identification:_identify(src/grupo07_kuka_kr7_kinematics) by extension 'colcon_pkg'
[0.163s] Level 1:colcon.colcon_core.package_identification:_identify(src/grupo07_kuka_kr7_kinematics) by extensions ['colcon_meta']
[0.163s] Level 1:colcon.colcon_core.package_identification:_identify(src/grupo07_kuka_kr7_kinematics) by extension 'colcon_meta'
[0.163s] Level 1:colcon.colcon_core.package_identification:_identify(src/grupo07_kuka_kr7_kinematics) by extensions ['ros']
[0.164s] Level 1:colcon.colcon_core.package_identification:_identify(src/grupo07_kuka_kr7_kinematics) by extension 'ros'
[0.164s] DEBUG:colcon.colcon_core.package_identification:Package 'src/grupo07_kuka_kr7_kinematics' with type 'ros.ament_python' and name 'grupo07_kuka_kr7_kinematics'
[0.164s] Level 1:colcon.colcon_core.package_identification:_identify(src/grupo07_robot_kinematics) by extensions ['ignore', 'ignore_ament_install']
[0.164s] Level 1:colcon.colcon_core.package_identification:_identify(src/grupo07_robot_kinematics) by extension 'ignore'
[0.164s] Level 1:colcon.colcon_core.package_identification:_identify(src/grupo07_robot_kinematics) by extension 'ignore_ament_install'
[0.164s] Level 1:colcon.colcon_core.package_identification:_identify(src/grupo07_robot_kinematics) by extensions ['colcon_pkg']
[0.164s] Level 1:colcon.colcon_core.package_identification:_identify(src/grupo07_robot_kinematics) by extension 'colcon_pkg'
[0.164s] Level 1:colcon.colcon_core.package_identification:_identify(src/grupo07_robot_kinematics) by extensions ['colcon_meta']
[0.164s] Level 1:colcon.colcon_core.package_identification:_identify(src/grupo07_robot_kinematics) by extension 'colcon_meta'
[0.165s] Level 1:colcon.colcon_core.package_identification:_identify(src/grupo07_robot_kinematics) by extensions ['ros']
[0.165s] Level 1:colcon.colcon_core.package_identification:_identify(src/grupo07_robot_kinematics) by extension 'ros'
[0.165s] DEBUG:colcon.colcon_core.package_identification:Package 'src/grupo07_robot_kinematics' with type 'ros.ament_python' and name 'grupo07_robot_kinematics'
[0.165s] Level 1:colcon.colcon_core.package_identification:_identify(src/kuka_robot_descriptions) by extensions ['ignore', 'ignore_ament_install']
[0.165s] Level 1:colcon.colcon_core.package_identification:_identify(src/kuka_robot_descriptions) by extension 'ignore'
[0.165s] Level 1:colcon.colcon_core.package_identification:_identify(src/kuka_robot_descriptions) by extension 'ignore_ament_install'
[0.165s] Level 1:colcon.colcon_core.package_identification:_identify(src/kuka_robot_descriptions) by extensions ['colcon_pkg']
[0.165s] Level 1:colcon.colcon_core.package_identification:_identify(src/kuka_robot_descriptions) by extension 'colcon_pkg'
[0.165s] Level 1:colcon.colcon_core.package_identification:_identify(src/kuka_robot_descriptions) by extensions ['colcon_meta']
[0.165s] Level 1:colcon.colcon_core.package_identification:_identify(src/kuka_robot_descriptions) by extension 'colcon_meta'
[0.165s] Level 1:colcon.colcon_core.package_identification:_identify(src/kuka_robot_descriptions) by extensions ['ros']
[0.165s] Level 1:colcon.colcon_core.package_identification:_identify(src/kuka_robot_descriptions) by extension 'ros'
[0.166s] Level 1:colcon.colcon_core.package_identification:_identify(src/kuka_robot_descriptions) by extensions ['cmake', 'python']
[0.166s] Level 1:colcon.colcon_core.package_identification:_identify(src/kuka_robot_descriptions) by extension 'cmake'
[0.166s] Level 1:colcon.colcon_core.package_identification:_identify(src/kuka_robot_descriptions) by extension 'python'
[0.166s] Level 1:colcon.colcon_core.package_identification:_identify(src/kuka_robot_descriptions) by extensions ['python_setup_py']
[0.166s] Level 1:colcon.colcon_core.package_identification:_identify(src/kuka_robot_descriptions) by extension 'python_setup_py'
[0.166s] Level 1:colcon.colcon_core.package_identification:_identify(src/kuka_robot_descriptions/kuka_agilus_support) by extensions ['ignore', 'ignore_ament_install']
[0.166s] Level 1:colcon.colcon_core.package_identification:_identify(src/kuka_robot_descriptions/kuka_agilus_support) by extension 'ignore'
[0.166s] Level 1:colcon.colcon_core.package_identification:_identify(src/kuka_robot_descriptions/kuka_agilus_support) by extension 'ignore_ament_install'
[0.166s] Level 1:colcon.colcon_core.package_identification:_identify(src/kuka_robot_descriptions/kuka_agilus_support) by extensions ['colcon_pkg']
[0.166s] Level 1:colcon.colcon_core.package_identification:_identify(src/kuka_robot_descriptions/kuka_agilus_support) by extension 'colcon_pkg'
[0.166s] Level 1:colcon.colcon_core.package_identification:_identify(src/kuka_robot_descriptions/kuka_agilus_support) by extensions ['colcon_meta']
[0.166s] Level 1:colcon.colcon_core.package_identification:_identify(src/kuka_robot_descriptions/kuka_agilus_support) by extension 'colcon_meta'
[0.166s] Level 1:colcon.colcon_core.package_identification:_identify(src/kuka_robot_descriptions/kuka_agilus_support) by extensions ['ros']
[0.166s] Level 1:colcon.colcon_core.package_identification:_identify(src/kuka_robot_descriptions/kuka_agilus_support) by extension 'ros'
[0.167s] DEBUG:colcon.colcon_core.package_identification:Package 'src/kuka_robot_descriptions/kuka_agilus_support' with type 'ros.ament_cmake' and name 'kuka_agilus_support'
[0.167s] Level 1:colcon.colcon_core.package_identification:_identify(src/kuka_robot_descriptions/kuka_resources) by extensions ['ignore', 'ignore_ament_install']
[0.167s] Level 1:colcon.colcon_core.package_identification:_identify(src/kuka_robot_descriptions/kuka_resources) by extension 'ignore'
[0.167s] Level 1:colcon.colcon_core.package_identification:_identify(src/kuka_robot_descriptions/kuka_resources) by extension 'ignore_ament_install'
[0.167s] Level 1:colcon.colcon_core.package_identification:_identify(src/kuka_robot_descriptions/kuka_resources) by extensions ['colcon_pkg']
[0.167s] Level 1:colcon.colcon_core.package_identification:_identify(src/kuka_robot_descriptions/kuka_resources) by extension 'colcon_pkg'
[0.167s] Level 1:colcon.colcon_core.package_identification:_identify(src/kuka_robot_descriptions/kuka_resources) by extensions ['colcon_meta']
[0.167s] Level 1:colcon.colcon_core.package_identification:_identify(src/kuka_robot_descriptions/kuka_resources) by extension 'colcon_meta'
[0.167s] Level 1:colcon.colcon_core.package_identification:_identify(src/kuka_robot_descriptions/kuka_resources) by extensions ['ros']
[0.167s] Level 1:colcon.colcon_core.package_identification:_identify(src/kuka_robot_descriptions/kuka_resources) by extension 'ros'
[0.167s] DEBUG:colcon.colcon_core.package_identification:Package 'src/kuka_robot_descriptions/kuka_resources' with type 'ros.ament_cmake' and name 'kuka_resources'
[0.167s] Level 1:colcon.colcon_core.package_discovery:discover_packages(recursive) using defaults
[0.168s] Level 1:colcon.colcon_core.package_discovery:discover_packages(ignore) discover
[0.168s] Level 1:colcon.colcon_core.package_discovery:discover_packages(ignore) using defaults
[0.168s] Level 1:colcon.colcon_core.package_discovery:discover_packages(path) discover
[0.168s] Level 1:colcon.colcon_core.package_discovery:discover_packages(path) using defaults
[0.184s] Level 1:colcon.colcon_core.package_discovery:discover_packages(prefix_path) check parameters
[0.184s] Level 1:colcon.colcon_core.package_discovery:discover_packages(prefix_path) discover
[0.187s] DEBUG:colcon.colcon_installed_package_information.package_discovery:Found 5 installed packages in /home/alex/Desktop/Robot/grupo_07_kuka_kr7_r900_3_ws/install
[0.188s] DEBUG:colcon.colcon_installed_package_information.package_discovery:Found 21 installed packages in /home/alex/Desktop/Robotica/ros2_ws/install
[0.189s] DEBUG:colcon.colcon_installed_package_information.package_discovery:Found 21 installed packages in /home/alex/Desktop/Robotica/ros2_ws/src/install
[0.192s] DEBUG:colcon.colcon_installed_package_information.package_discovery:Found 493 installed packages in /opt/ros/jazzy
[0.194s] Level 1:colcon.colcon_core.package_discovery:discover_packages(prefix_path) using defaults
[0.263s] Level 5:colcon.colcon_core.verb:set package 'grupo07_kuka_kr7_kinematics' build argument 'cmake_args' from command line to 'None'
[0.263s] Level 5:colcon.colcon_core.verb:set package 'grupo07_kuka_kr7_kinematics' build argument 'cmake_target' from command line to 'None'
[0.263s] Level 5:colcon.colcon_core.verb:set package 'grupo07_kuka_kr7_kinematics' build argument 'cmake_target_skip_unavailable' from command line to 'False'
[0.263s] Level 5:colcon.colcon_core.verb:set package 'grupo07_kuka_kr7_kinematics' build argument 'cmake_clean_cache' from command line to 'False'
[0.263s] Level 5:colcon.colcon_core.verb:set package 'grupo07_kuka_kr7_kinematics' build argument 'cmake_clean_first' from command line to 'False'
[0.263s] Level 5:colcon.colcon_core.verb:set package 'grupo07_kuka_kr7_kinematics' build argument 'cmake_force_configure' from command line to 'False'
[0.263s] Level 5:colcon.colcon_core.verb:set package 'grupo07_kuka_kr7_kinematics' build argument 'ament_cmake_args' from command line to 'None'
[0.263s] Level 5:colcon.colcon_core.verb:set package 'grupo07_kuka_kr7_kinematics' build argument 'catkin_cmake_args' from command line to 'None'
[0.263s] Level 5:colcon.colcon_core.verb:set package 'grupo07_kuka_kr7_kinematics' build argument 'catkin_skip_building_tests' from command line to 'False'
[0.263s] DEBUG:colcon.colcon_core.verb:Building package 'grupo07_kuka_kr7_kinematics' with the following arguments: {'ament_cmake_args': None, 'build_base': '/home/alex/Desktop/Robot/grupo_07_kuka_kr7_r900_3_ws/build/grupo07_kuka_kr7_kinematics', 'catkin_cmake_args': None, 'catkin_skip_building_tests': False, 'cmake_args': None, 'cmake_clean_cache': False, 'cmake_clean_first': False, 'cmake_force_configure': False, 'cmake_target': None, 'cmake_target_skip_unavailable': False, 'install_base': '/home/alex/Desktop/Robot/grupo_07_kuka_kr7_r900_3_ws/install/grupo07_kuka_kr7_kinematics', 'merge_install': False, 'path': '/home/alex/Desktop/Robot/grupo_07_kuka_kr7_r900_3_ws/src/grupo07_kuka_kr7_kinematics', 'symlink_install': False, 'test_result_base': None}
[0.263s] Level 5:colcon.colcon_core.verb:set package 'grupo07_robot_kinematics' build argument 'cmake_args' from command line to 'None'
[0.263s] Level 5:colcon.colcon_core.verb:set package 'grupo07_robot_kinematics' build argument 'cmake_target' from command line to 'None'
[0.263s] Level 5:colcon.colcon_core.verb:set package 'grupo07_robot_kinematics' build argument 'cmake_target_skip_unavailable' from command line to 'False'
[0.263s] Level 5:colcon.colcon_core.verb:set package 'grupo07_robot_kinematics' build argument 'cmake_clean_cache' from command line to 'False'
[0.263s] Level 5:colcon.colcon_core.verb:set package 'grupo07_robot_kinematics' build argument 'cmake_clean_first' from command line to 'False'
[0.263s] Level 5:colcon.colcon_core.verb:set package 'grupo07_robot_kinematics' build argument 'cmake_force_configure' from command line to 'False'
[0.263s] Level 5:colcon.colcon_core.verb:set package 'grupo07_robot_kinematics' build argument 'ament_cmake_args' from command line to 'None'
[0.263s] Level 5:colcon.colcon_core.verb:set package 'grupo07_robot_kinematics' build argument 'catkin_cmake_args' from command line to 'None'
[0.263s] Level 5:colcon.colcon_core.verb:set package 'grupo07_robot_kinematics' build argument 'catkin_skip_building_tests' from command line to 'False'
[0.263s] DEBUG:colcon.colcon_core.verb:Building package 'grupo07_robot_kinematics' with the following arguments: {'ament_cmake_args': None, 'build_base': '/home/alex/Desktop/Robot/grupo_07_kuka_kr7_r900_3_ws/build/grupo07_robot_kinematics', 'catkin_cmake_args': None, 'catkin_skip_building_tests': False, 'cmake_args': None, 'cmake_clean_cache': False, 'cmake_clean_first': False, 'cmake_force_configure': False, 'cmake_target': None, 'cmake_target_skip_unavailable': False, 'install_base': '/home/alex/Desktop/Robot/grupo_07_kuka_kr7_r900_3_ws/install/grupo07_robot_kinematics', 'merge_install': False, 'path': '/home/alex/Desktop/Robot/grupo_07_kuka_kr7_r900_3_ws/src/grupo07_robot_kinematics', 'symlink_install': False, 'test_result_base': None}
[0.264s] Level 5:colcon.colcon_core.verb:set package 'kuka_resources' build argument 'cmake_args' from command line to 'None'
[0.264s] Level 5:colcon.colcon_core.verb:set package 'kuka_resources' build argument 'cmake_target' from command line to 'None'
[0.264s] Level 5:colcon.colcon_core.verb:set package 'kuka_resources' build argument 'cmake_target_skip_unavailable' from command line to 'False'
[0.264s] Level 5:colcon.colcon_core.verb:set package 'kuka_resources' build argument 'cmake_clean_cache' from command line to 'False'
[0.264s] Level 5:colcon.colcon_core.verb:set package 'kuka_resources' build argument 'cmake_clean_first' from command line to 'False'
[0.264s] Level 5:colcon.colcon_core.verb:set package 'kuka_resources' build argument 'cmake_force_configure' from command line to 'False'
[0.264s] Level 5:colcon.colcon_core.verb:set package 'kuka_resources' build argument 'ament_cmake_args' from command line to 'None'
[0.264s] Level 5:colcon.colcon_core.verb:set package 'kuka_resources' build argument 'catkin_cmake_args' from command line to 'None'
[0.264s] Level 5:colcon.colcon_core.verb:set package 'kuka_resources' build argument 'catkin_skip_building_tests' from command line to 'False'
[0.264s] DEBUG:colcon.colcon_core.verb:Building package 'kuka_resources' with the following arguments: {'ament_cmake_args': None, 'build_base': '/home/alex/Desktop/Robot/grupo_07_kuka_kr7_r900_3_ws/build/kuka_resources', 'catkin_cmake_args': None, 'catkin_skip_building_tests': False, 'cmake_args': None, 'cmake_clean_cache': False, 'cmake_clean_first': False, 'cmake_force_configure': False, 'cmake_target': None, 'cmake_target_skip_unavailable': False, 'install_base': '/home/alex/Desktop/Robot/grupo_07_kuka_kr7_r900_3_ws/install/kuka_resources', 'merge_install': False, 'path': '/home/alex/Desktop/Robot/grupo_07_kuka_kr7_r900_3_ws/src/kuka_robot_descriptions/kuka_resources', 'symlink_install': False, 'test_result_base': None}
[0.264s] Level 5:colcon.colcon_core.verb:set package 'kuka_agilus_support' build argument 'cmake_args' from command line to 'None'
[0.264s] Level 5:colcon.colcon_core.verb:set package 'kuka_agilus_support' build argument 'cmake_target' from command line to 'None'
[0.264s] Level 5:colcon.colcon_core.verb:set package 'kuka_agilus_support' build argument 'cmake_target_skip_unavailable' from command line to 'False'
[0.264s] Level 5:colcon.colcon_core.verb:set package 'kuka_agilus_support' build argument 'cmake_clean_cache' from command line to 'False'
[0.264s] Level 5:colcon.colcon_core.verb:set package 'kuka_agilus_support' build argument 'cmake_clean_first' from command line to 'False'
[0.264s] Level 5:colcon.colcon_core.verb:set package 'kuka_agilus_support' build argument 'cmake_force_configure' from command line to 'False'
[0.264s] Level 5:colcon.colcon_core.verb:set package 'kuka_agilus_support' build argument 'ament_cmake_args' from command line to 'None'
[0.264s] Level 5:colcon.colcon_core.verb:set package 'kuka_agilus_support' build argument 'catkin_cmake_args' from command line to 'None'
[0.264s] Level 5:colcon.colcon_core.verb:set package 'kuka_agilus_support' build argument 'catkin_skip_building_tests' from command line to 'False'
[0.264s] DEBUG:colcon.colcon_core.verb:Building package 'kuka_agilus_support' with the following arguments: {'ament_cmake_args': None, 'build_base': '/home/alex/Desktop/Robot/grupo_07_kuka_kr7_r900_3_ws/build/kuka_agilus_support', 'catkin_cmake_args': None, 'catkin_skip_building_tests': False, 'cmake_args': None, 'cmake_clean_cache': False, 'cmake_clean_first': False, 'cmake_force_configure': False, 'cmake_target': None, 'cmake_target_skip_unavailable': False, 'install_base': '/home/alex/Desktop/Robot/grupo_07_kuka_kr7_r900_3_ws/install/kuka_agilus_support', 'merge_install': False, 'path': '/home/alex/Desktop/Robot/grupo_07_kuka_kr7_r900_3_ws/src/kuka_robot_descriptions/kuka_agilus_support', 'symlink_install': False, 'test_result_base': None}
[0.265s] Level 5:colcon.colcon_core.verb:set package 'grupo07_kuka_kr7_bringup' build argument 'cmake_args' from command line to 'None'
[0.265s] Level 5:colcon.colcon_core.verb:set package 'grupo07_kuka_kr7_bringup' build argument 'cmake_target' from command line to 'None'
[0.265s] Level 5:colcon.colcon_core.verb:set package 'grupo07_kuka_kr7_bringup' build argument 'cmake_target_skip_unavailable' from command line to 'False'
[0.265s] Level 5:colcon.colcon_core.verb:set package 'grupo07_kuka_kr7_bringup' build argument 'cmake_clean_cache' from command line to 'False'
[0.265s] Level 5:colcon.colcon_core.verb:set package 'grupo07_kuka_kr7_bringup' build argument 'cmake_clean_first' from command line to 'False'
[0.265s] Level 5:colcon.colcon_core.verb:set package 'grupo07_kuka_kr7_bringup' build argument 'cmake_force_configure' from command line to 'False'
[0.265s] Level 5:colcon.colcon_core.verb:set package 'grupo07_kuka_kr7_bringup' build argument 'ament_cmake_args' from command line to 'None'
[0.265s] Level 5:colcon.colcon_core.verb:set package 'grupo07_kuka_kr7_bringup' build argument 'catkin_cmake_args' from command line to 'None'
[0.265s] Level 5:colcon.colcon_core.verb:set package 'grupo07_kuka_kr7_bringup' build argument 'catkin_skip_building_tests' from command line to 'False'
[0.265s] DEBUG:colcon.colcon_core.verb:Building package 'grupo07_kuka_kr7_bringup' with the following arguments: {'ament_cmake_args': None, 'build_base': '/home/alex/Desktop/Robot/grupo_07_kuka_kr7_r900_3_ws/build/grupo07_kuka_kr7_bringup', 'catkin_cmake_args': None, 'catkin_skip_building_tests': False, 'cmake_args': None, 'cmake_clean_cache': False, 'cmake_clean_first': False, 'cmake_force_configure': False, 'cmake_target': None, 'cmake_target_skip_unavailable': False, 'install_base': '/home/alex/Desktop/Robot/grupo_07_kuka_kr7_r900_3_ws/install/grupo07_kuka_kr7_bringup', 'merge_install': False, 'path': '/home/alex/Desktop/Robot/grupo_07_kuka_kr7_r900_3_ws/src/grupo07_kuka_kr7_bringup', 'symlink_install': False, 'test_result_base': None}
[0.265s] INFO:colcon.colcon_core.executor:Executing jobs using 'parallel' executor
[0.266s] DEBUG:colcon.colcon_parallel_executor.executor.parallel:run_until_complete
[0.266s] INFO:colcon.colcon_ros.task.ament_cmake.build:Building ROS package in '/home/alex/Desktop/Robot/grupo_07_kuka_kr7_r900_3_ws/src/kuka_robot_descriptions/kuka_resources' with build type 'ament_cmake'
[0.266s] INFO:colcon.colcon_cmake.task.cmake.build:Building CMake package in '/home/alex/Desktop/Robot/grupo_07_kuka_kr7_r900_3_ws/src/kuka_robot_descriptions/kuka_resources'
[0.269s] INFO:colcon.colcon_core.plugin_system:Skipping extension 'colcon_core.shell.bat': Not used on non-Windows systems
[0.269s] INFO:colcon.colcon_core.shell:Skip shell extension 'powershell' for command environment: Not usable outside of PowerShell
[0.269s] DEBUG:colcon.colcon_core.shell:Skip shell extension 'dsv' for command environment
[0.276s] INFO:colcon.colcon_ros.task.ament_python.build:Building ROS package in '/home/alex/Desktop/Robot/grupo_07_kuka_kr7_r900_3_ws/src/grupo07_kuka_kr7_kinematics' with build type 'ament_python'
[0.276s] Level 1:colcon.colcon_core.shell:create_environment_hook('grupo07_kuka_kr7_kinematics', 'ament_prefix_path')
[0.276s] INFO:colcon.colcon_core.shell:Creating environment hook '/home/alex/Desktop/Robot/grupo_07_kuka_kr7_r900_3_ws/install/grupo07_kuka_kr7_kinematics/share/grupo07_kuka_kr7_kinematics/hook/ament_prefix_path.ps1'
[0.277s] INFO:colcon.colcon_core.shell:Creating environment descriptor '/home/alex/Desktop/Robot/grupo_07_kuka_kr7_r900_3_ws/install/grupo07_kuka_kr7_kinematics/share/grupo07_kuka_kr7_kinematics/hook/ament_prefix_path.dsv'
[0.277s] INFO:colcon.colcon_core.shell:Creating environment hook '/home/alex/Desktop/Robot/grupo_07_kuka_kr7_r900_3_ws/install/grupo07_kuka_kr7_kinematics/share/grupo07_kuka_kr7_kinematics/hook/ament_prefix_path.sh'
[0.278s] INFO:colcon.colcon_core.shell:Skip shell extension 'powershell' for command environment: Not usable outside of PowerShell
[0.278s] DEBUG:colcon.colcon_core.shell:Skip shell extension 'dsv' for command environment
[0.285s] INFO:colcon.colcon_ros.task.ament_python.build:Building ROS package in '/home/alex/Desktop/Robot/grupo_07_kuka_kr7_r900_3_ws/src/grupo07_robot_kinematics' with build type 'ament_python'
[0.285s] Level 1:colcon.colcon_core.shell:create_environment_hook('grupo07_robot_kinematics', 'ament_prefix_path')
[0.285s] INFO:colcon.colcon_core.shell:Creating environment hook '/home/alex/Desktop/Robot/grupo_07_kuka_kr7_r900_3_ws/install/grupo07_robot_kinematics/share/grupo07_robot_kinematics/hook/ament_prefix_path.ps1'
[0.285s] INFO:colcon.colcon_core.shell:Creating environment descriptor '/home/alex/Desktop/Robot/grupo_07_kuka_kr7_r900_3_ws/install/grupo07_robot_kinematics/share/grupo07_robot_kinematics/hook/ament_prefix_path.dsv'
[0.286s] INFO:colcon.colcon_core.shell:Creating environment hook '/home/alex/Desktop/Robot/grupo_07_kuka_kr7_r900_3_ws/install/grupo07_robot_kinematics/share/grupo07_robot_kinematics/hook/ament_prefix_path.sh'
[0.286s] INFO:colcon.colcon_core.shell:Skip shell extension 'powershell' for command environment: Not usable outside of PowerShell
[0.286s] DEBUG:colcon.colcon_core.shell:Skip shell extension 'dsv' for command environment
[0.297s] DEBUG:colcon.colcon_core.event_handler.log_command:Invoking command in '/home/alex/Desktop/Robot/grupo_07_kuka_kr7_r900_3_ws/build/kuka_resources': CMAKE_PREFIX_PATH=${CMAKE_PREFIX_PATH}:/home/alex/Desktop/Robot/grupo_07_kuka_kr7_r900_3_ws/install/grupo07_robot_kinematics:/home/alex/Desktop/Robot/grupo_07_kuka_kr7_r900_3_ws/install/grupo07_kuka_kr7_kinematics:/home/alex/Desktop/Robotica/ros2_ws/install/turtlebot_services:/home/alex/Desktop/Robotica/ros2_ws/install/turtlebot3_teleop:/home/alex/Desktop/Robotica/ros2_ws/install/turtlebot3_tasks:/home/alex/Desktop/Robotica/ros2_ws/install/turtlebot3_systems:/home/alex/Desktop/Robotica/ros2_ws/install/turtlebot3_example:/home/alex/Desktop/Robotica/ros2_ws/install/turtlebot3_autorace:/home/alex/Desktop/Robotica/ros2_ws/src/install/turtlebot_services:/home/alex/Desktop/Robotica/ros2_ws/src/install/turtlebot3_teleop:/home/alex/Desktop/Robotica/ros2_ws/src/install/turtlebot3_tasks:/home/alex/Desktop/Robotica/ros2_ws/src/install/turtlebot3_systems:/home/alex/Desktop/Robotica/ros2_ws/src/install/turtlebot3_example:/home/alex/Desktop/Robotica/ros2_ws/src/install/turtlebot3_autorace:/opt/ros/jazzy DEBUGINFOD_URLS=https://debuginfod.ubuntu.com PS1=[ROSLAB d43] \u@\h:\w$ /usr/bin/cmake --build /home/alex/Desktop/Robot/grupo_07_kuka_kr7_r900_3_ws/build/kuka_resources -- -j16 -l16
[0.506s] INFO:colcon.colcon_core.task.python.build:Building Python package in '/home/alex/Desktop/Robot/grupo_07_kuka_kr7_r900_3_ws/src/grupo07_kuka_kr7_kinematics'
[0.506s] INFO:colcon.colcon_core.shell:Skip shell extension 'powershell' for command environment: Not usable outside of PowerShell
[0.506s] DEBUG:colcon.colcon_core.shell:Skip shell extension 'dsv' for command environment
[0.723s] INFO:colcon.colcon_core.task.python.build:Building Python package in '/home/alex/Desktop/Robot/grupo_07_kuka_kr7_r900_3_ws/src/grupo07_robot_kinematics'
[0.723s] INFO:colcon.colcon_core.shell:Skip shell extension 'powershell' for command environment: Not usable outside of PowerShell
[0.723s] DEBUG:colcon.colcon_core.shell:Skip shell extension 'dsv' for command environment
[0.731s] DEBUG:colcon.colcon_core.event_handler.log_command:Invoked command in '/home/alex/Desktop/Robot/grupo_07_kuka_kr7_r900_3_ws/build/kuka_resources' returned '0': CMAKE_PREFIX_PATH=${CMAKE_PREFIX_PATH}:/home/alex/Desktop/Robot/grupo_07_kuka_kr7_r900_3_ws/install/grupo07_robot_kinematics:/home/alex/Desktop/Robot/grupo_07_kuka_kr7_r900_3_ws/install/grupo07_kuka_kr7_kinematics:/home/alex/Desktop/Robotica/ros2_ws/install/turtlebot_services:/home/alex/Desktop/Robotica/ros2_ws/install/turtlebot3_teleop:/home/alex/Desktop/Robotica/ros2_ws/install/turtlebot3_tasks:/home/alex/Desktop/Robotica/ros2_ws/install/turtlebot3_systems:/home/alex/Desktop/Robotica/ros2_ws/install/turtlebot3_example:/home/alex/Desktop/Robotica/ros2_ws/install/turtlebot3_autorace:/home/alex/Desktop/Robotica/ros2_ws/src/install/turtlebot_services:/home/alex/Desktop/Robotica/ros2_ws/src/install/turtlebot3_teleop:/home/alex/Desktop/Robotica/ros2_ws/src/install/turtlebot3_tasks:/home/alex/Desktop/Robotica/ros2_ws/src/install/turtlebot3_systems:/home/alex/Desktop/Robotica/ros2_ws/src/install/turtlebot3_example:/home/alex/Desktop/Robotica/ros2_ws/src/install/turtlebot3_autorace:/opt/ros/jazzy DEBUGINFOD_URLS=https://debuginfod.ubuntu.com PS1=[ROSLAB d43] \u@\h:\w$ /usr/bin/cmake --build /home/alex/Desktop/Robot/grupo_07_kuka_kr7_r900_3_ws/build/kuka_resources -- -j16 -l16
[0.742s] DEBUG:colcon.colcon_core.event_handler.log_command:Invoking command in '/home/alex/Desktop/Robot/grupo_07_kuka_kr7_r900_3_ws/build/kuka_resources': CMAKE_PREFIX_PATH=${CMAKE_PREFIX_PATH}:/home/alex/Desktop/Robot/grupo_07_kuka_kr7_r900_3_ws/install/grupo07_robot_kinematics:/home/alex/Desktop/Robot/grupo_07_kuka_kr7_r900_3_ws/install/grupo07_kuka_kr7_kinematics:/home/alex/Desktop/Robotica/ros2_ws/install/turtlebot_services:/home/alex/Desktop/Robotica/ros2_ws/install/turtlebot3_teleop:/home/alex/Desktop/Robotica/ros2_ws/install/turtlebot3_tasks:/home/alex/Desktop/Robotica/ros2_ws/install/turtlebot3_systems:/home/alex/Desktop/Robotica/ros2_ws/install/turtlebot3_example:/home/alex/Desktop/Robotica/ros2_ws/install/turtlebot3_autorace:/home/alex/Desktop/Robotica/ros2_ws/src/install/turtlebot_services:/home/alex/Desktop/Robotica/ros2_ws/src/install/turtlebot3_teleop:/home/alex/Desktop/Robotica/ros2_ws/src/install/turtlebot3_tasks:/home/alex/Desktop/Robotica/ros2_ws/src/install/turtlebot3_systems:/home/alex/Desktop/Robotica/ros2_ws/src/install/turtlebot3_example:/home/alex/Desktop/Robotica/ros2_ws/src/install/turtlebot3_autorace:/opt/ros/jazzy DEBUGINFOD_URLS=https://debuginfod.ubuntu.com PS1=[ROSLAB d43] \u@\h:\w$ /usr/bin/cmake --install /home/alex/Desktop/Robot/grupo_07_kuka_kr7_r900_3_ws/build/kuka_resources
[0.772s] Level 1:colcon.colcon_core.environment:create_environment_scripts_only(kuka_resources)
[0.773s] DEBUG:colcon.colcon_core.event_handler.log_command:Invoked command in '/home/alex/Desktop/Robot/grupo_07_kuka_kr7_r900_3_ws/build/kuka_resources' returned '0': CMAKE_PREFIX_PATH=${CMAKE_PREFIX_PATH}:/home/alex/Desktop/Robot/grupo_07_kuka_kr7_r900_3_ws/install/grupo07_robot_kinematics:/home/alex/Desktop/Robot/grupo_07_kuka_kr7_r900_3_ws/install/grupo07_kuka_kr7_kinematics:/home/alex/Desktop/Robotica/ros2_ws/install/turtlebot_services:/home/alex/Desktop/Robotica/ros2_ws/install/turtlebot3_teleop:/home/alex/Desktop/Robotica/ros2_ws/install/turtlebot3_tasks:/home/alex/Desktop/Robotica/ros2_ws/install/turtlebot3_systems:/home/alex/Desktop/Robotica/ros2_ws/install/turtlebot3_example:/home/alex/Desktop/Robotica/ros2_ws/install/turtlebot3_autorace:/home/alex/Desktop/Robotica/ros2_ws/src/install/turtlebot_services:/home/alex/Desktop/Robotica/ros2_ws/src/install/turtlebot3_teleop:/home/alex/Desktop/Robotica/ros2_ws/src/install/turtlebot3_tasks:/home/alex/Desktop/Robotica/ros2_ws/src/install/turtlebot3_systems:/home/alex/Desktop/Robotica/ros2_ws/src/install/turtlebot3_example:/home/alex/Desktop/Robotica/ros2_ws/src/install/turtlebot3_autorace:/opt/ros/jazzy DEBUGINFOD_URLS=https://debuginfod.ubuntu.com PS1=[ROSLAB d43] \u@\h:\w$ /usr/bin/cmake --install /home/alex/Desktop/Robot/grupo_07_kuka_kr7_r900_3_ws/build/kuka_resources
[0.775s] Level 1:colcon.colcon_core.environment:checking '/home/alex/Desktop/Robot/grupo_07_kuka_kr7_r900_3_ws/install/kuka_resources' for CMake module files
[0.776s] Level 1:colcon.colcon_core.environment:checking '/home/alex/Desktop/Robot/grupo_07_kuka_kr7_r900_3_ws/install/kuka_resources' for CMake config files
[0.776s] Level 1:colcon.colcon_core.shell:create_environment_hook('kuka_resources', 'cmake_prefix_path')
[0.776s] INFO:colcon.colcon_core.shell:Creating environment hook '/home/alex/Desktop/Robot/grupo_07_kuka_kr7_r900_3_ws/install/kuka_resources/share/kuka_resources/hook/cmake_prefix_path.ps1'
[0.777s] INFO:colcon.colcon_core.shell:Creating environment descriptor '/home/alex/Desktop/Robot/grupo_07_kuka_kr7_r900_3_ws/install/kuka_resources/share/kuka_resources/hook/cmake_prefix_path.dsv'
[0.777s] INFO:colcon.colcon_core.shell:Creating environment hook '/home/alex/Desktop/Robot/grupo_07_kuka_kr7_r900_3_ws/install/kuka_resources/share/kuka_resources/hook/cmake_prefix_path.sh'
[0.778s] Level 1:colcon.colcon_core.environment:checking '/home/alex/Desktop/Robot/grupo_07_kuka_kr7_r900_3_ws/install/kuka_resources/bin'
[0.778s] Level 1:colcon.colcon_core.environment:checking '/home/alex/Desktop/Robot/grupo_07_kuka_kr7_r900_3_ws/install/kuka_resources/lib/pkgconfig/kuka_resources.pc'
[0.778s] Level 1:colcon.colcon_core.environment:checking '/home/alex/Desktop/Robot/grupo_07_kuka_kr7_r900_3_ws/install/kuka_resources/lib/python3.12/site-packages'
[0.778s] Level 1:colcon.colcon_core.environment:checking '/home/alex/Desktop/Robot/grupo_07_kuka_kr7_r900_3_ws/install/kuka_resources/bin'
[0.778s] INFO:colcon.colcon_core.shell:Creating package script '/home/alex/Desktop/Robot/grupo_07_kuka_kr7_r900_3_ws/install/kuka_resources/share/kuka_resources/package.ps1'
[0.779s] INFO:colcon.colcon_core.shell:Creating package descriptor '/home/alex/Desktop/Robot/grupo_07_kuka_kr7_r900_3_ws/install/kuka_resources/share/kuka_resources/package.dsv'
[0.780s] INFO:colcon.colcon_core.shell:Creating package script '/home/alex/Desktop/Robot/grupo_07_kuka_kr7_r900_3_ws/install/kuka_resources/share/kuka_resources/package.sh'
[0.780s] INFO:colcon.colcon_core.shell:Creating package script '/home/alex/Desktop/Robot/grupo_07_kuka_kr7_r900_3_ws/install/kuka_resources/share/kuka_resources/package.bash'
[0.781s] INFO:colcon.colcon_core.shell:Creating package script '/home/alex/Desktop/Robot/grupo_07_kuka_kr7_r900_3_ws/install/kuka_resources/share/kuka_resources/package.zsh'
[0.781s] Level 1:colcon.colcon_core.environment:create_file_with_runtime_dependencies(/home/alex/Desktop/Robot/grupo_07_kuka_kr7_r900_3_ws/install/kuka_resources/share/colcon-core/packages/kuka_resources)
[0.782s] Level 1:colcon.colcon_core.environment:create_environment_scripts_only(kuka_resources)
[0.782s] Level 1:colcon.colcon_core.environment:checking '/home/alex/Desktop/Robot/grupo_07_kuka_kr7_r900_3_ws/install/kuka_resources' for CMake module files
[0.782s] Level 1:colcon.colcon_core.environment:checking '/home/alex/Desktop/Robot/grupo_07_kuka_kr7_r900_3_ws/install/kuka_resources' for CMake config files
[0.783s] Level 1:colcon.colcon_core.shell:create_environment_hook('kuka_resources', 'cmake_prefix_path')
[0.783s] INFO:colcon.colcon_core.shell:Creating environment hook '/home/alex/Desktop/Robot/grupo_07_kuka_kr7_r900_3_ws/install/kuka_resources/share/kuka_resources/hook/cmake_prefix_path.ps1'
[0.783s] INFO:colcon.colcon_core.shell:Creating environment descriptor '/home/alex/Desktop/Robot/grupo_07_kuka_kr7_r900_3_ws/install/kuka_resources/share/kuka_resources/hook/cmake_prefix_path.dsv'
[0.783s] INFO:colcon.colcon_core.shell:Creating environment hook '/home/alex/Desktop/Robot/grupo_07_kuka_kr7_r900_3_ws/install/kuka_resources/share/kuka_resources/hook/cmake_prefix_path.sh'
[0.784s] Level 1:colcon.colcon_core.environment:checking '/home/alex/Desktop/Robot/grupo_07_kuka_kr7_r900_3_ws/install/kuka_resources/bin'
[0.784s] Level 1:colcon.colcon_core.environment:checking '/home/alex/Desktop/Robot/grupo_07_kuka_kr7_r900_3_ws/install/kuka_resources/lib/pkgconfig/kuka_resources.pc'
[0.784s] Level 1:colcon.colcon_core.environment:checking '/home/alex/Desktop/Robot/grupo_07_kuka_kr7_r900_3_ws/install/kuka_resources/lib/python3.12/site-packages'
[0.784s] Level 1:colcon.colcon_core.environment:checking '/home/alex/Desktop/Robot/grupo_07_kuka_kr7_r900_3_ws/install/kuka_resources/bin'
[0.785s] INFO:colcon.colcon_core.shell:Creating package script '/home/alex/Desktop/Robot/grupo_07_kuka_kr7_r900_3_ws/install/kuka_resources/share/kuka_resources/package.ps1'
[0.785s] INFO:colcon.colcon_core.shell:Creating package descriptor '/home/alex/Desktop/Robot/grupo_07_kuka_kr7_r900_3_ws/install/kuka_resources/share/kuka_resources/package.dsv'
[0.785s] INFO:colcon.colcon_core.shell:Creating package script '/home/alex/Desktop/Robot/grupo_07_kuka_kr7_r900_3_ws/install/kuka_resources/share/kuka_resources/package.sh'
[0.786s] INFO:colcon.colcon_core.shell:Creating package script '/home/alex/Desktop/Robot/grupo_07_kuka_kr7_r900_3_ws/install/kuka_resources/share/kuka_resources/package.bash'
[0.786s] INFO:colcon.colcon_core.shell:Creating package script '/home/alex/Desktop/Robot/grupo_07_kuka_kr7_r900_3_ws/install/kuka_resources/share/kuka_resources/package.zsh'
[0.786s] Level 1:colcon.colcon_core.environment:create_file_with_runtime_dependencies(/home/alex/Desktop/Robot/grupo_07_kuka_kr7_r900_3_ws/install/kuka_resources/share/colcon-core/packages/kuka_resources)
[0.787s] INFO:colcon.colcon_ros.task.ament_cmake.build:Building ROS package in '/home/alex/Desktop/Robot/grupo_07_kuka_kr7_r900_3_ws/src/kuka_robot_descriptions/kuka_agilus_support' with build type 'ament_cmake'
[0.787s] INFO:colcon.colcon_cmake.task.cmake.build:Building CMake package in '/home/alex/Desktop/Robot/grupo_07_kuka_kr7_r900_3_ws/src/kuka_robot_descriptions/kuka_agilus_support'
[0.787s] INFO:colcon.colcon_core.shell:Skip shell extension 'powershell' for command environment: Not usable outside of PowerShell
[0.787s] DEBUG:colcon.colcon_core.shell:Skip shell extension 'dsv' for command environment
[0.802s] DEBUG:colcon.colcon_core.event_handler.log_command:Invoking command in '/home/alex/Desktop/Robot/grupo_07_kuka_kr7_r900_3_ws/build/kuka_agilus_support': CMAKE_PREFIX_PATH=/home/alex/Desktop/Robot/grupo_07_kuka_kr7_r900_3_ws/install/kuka_resources:/home/alex/Desktop/Robot/grupo_07_kuka_kr7_r900_3_ws/install/grupo07_kuka_kr7_bringup:/home/alex/Desktop/Robot/grupo_07_kuka_kr7_r900_3_ws/install/kuka_agilus_support:/home/alex/Desktop/Robotica/ros2_ws/install/turtlebot_services_interfaces:/home/alex/Desktop/Robotica/ros2_ws/install/turtlebot3:/home/alex/Desktop/Robotica/ros2_ws/install/turtlebot3_simulations:/home/alex/Desktop/Robotica/ros2_ws/install/turtlebot3_bringup:/home/alex/Desktop/Robotica/ros2_ws/install/turtlebot3_node:/home/alex/Desktop/Robotica/ros2_ws/install/turtlebot3_navigation2:/home/alex/Desktop/Robotica/ros2_ws/install/turtlebot3_fake_node:/home/alex/Desktop/Robotica/ros2_ws/install/turtlebot3_msgs:/home/alex/Desktop/Robotica/ros2_ws/install/turtlebot3_autorace_jazzy:/home/alex/Desktop/Robotica/ros2_ws/install/turtlebot3_gazebo:/home/alex/Desktop/Robotica/ros2_ws/install/turtlebot3_description:/home/alex/Desktop/Robotica/ros2_ws/install/turtlebot3_cartographer:/home/alex/Desktop/Robotica/ros2_ws/install/dynamixel_sdk_examples:/home/alex/Desktop/Robotica/ros2_ws/install/dynamixel_sdk_custom_interfaces:/home/alex/Desktop/Robotica/ros2_ws/install/dynamixel_sdk:/home/alex/Desktop/Robotica/ros2_ws/src/install/turtlebot_services_interfaces:/home/alex/Desktop/Robotica/ros2_ws/src/install/turtlebot3:/home/alex/Desktop/Robotica/ros2_ws/src/install/turtlebot3_simulations:/home/alex/Desktop/Robotica/ros2_ws/src/install/turtlebot3_bringup:/home/alex/Desktop/Robotica/ros2_ws/src/install/turtlebot3_node:/home/alex/Desktop/Robotica/ros2_ws/src/install/turtlebot3_navigation2:/home/alex/Desktop/Robotica/ros2_ws/src/install/turtlebot3_fake_node:/home/alex/Desktop/Robotica/ros2_ws/src/install/turtlebot3_msgs:/home/alex/Desktop/Robotica/ros2_ws/src/install/turtlebot3_autorace_jazzy:/home/alex/Desktop/Robotica/ros2_ws/src/install/turtlebot3_gazebo:/home/alex/Desktop/Robotica/ros2_ws/src/install/turtlebot3_description:/home/alex/Desktop/Robotica/ros2_ws/src/install/turtlebot3_cartographer:/home/alex/Desktop/Robotica/ros2_ws/src/install/dynamixel_sdk_examples:/home/alex/Desktop/Robotica/ros2_ws/src/install/dynamixel_sdk_custom_interfaces:/home/alex/Desktop/Robotica/ros2_ws/src/install/dynamixel_sdk:/opt/ros/jazzy/opt/gz_sim_vendor:/opt/ros/jazzy/opt/gz_sensors_vendor:/opt/ros/jazzy/opt/gz_physics_vendor:/opt/ros/jazzy/opt/sdformat_vendor:/opt/ros/jazzy/opt/gz_gui_vendor:/opt/ros/jazzy/opt/gz_transport_vendor:/opt/ros/jazzy/opt/gz_rendering_vendor:/opt/ros/jazzy/opt/gz_plugin_vendor:/opt/ros/jazzy/opt/gz_fuel_tools_vendor:/opt/ros/jazzy/opt/gz_msgs_vendor:/opt/ros/jazzy/opt/gz_common_vendor:/opt/ros/jazzy/opt/gz_math_vendor:/opt/ros/jazzy/opt/gz_utils_vendor:/opt/ros/jazzy/opt/gz_tools_vendor:/opt/ros/jazzy/opt/gz_ogre_next_vendor:/opt/ros/jazzy/opt/gz_dartsim_vendor:/opt/ros/jazzy/opt/gz_cmake_vendor:/home/alex/Desktop/Robot/grupo_07_kuka_kr7_r900_3_ws/install/grupo07_robot_kinematics:/home/alex/Desktop/Robot/grupo_07_kuka_kr7_r900_3_ws/install/grupo07_kuka_kr7_kinematics:/home/alex/Desktop/Robotica/ros2_ws/install/turtlebot_services:/home/alex/Desktop/Robotica/ros2_ws/install/turtlebot3_teleop:/home/alex/Desktop/Robotica/ros2_ws/install/turtlebot3_tasks:/home/alex/Desktop/Robotica/ros2_ws/install/turtlebot3_systems:/home/alex/Desktop/Robotica/ros2_ws/install/turtlebot3_example:/home/alex/Desktop/Robotica/ros2_ws/install/turtlebot3_autorace:/home/alex/Desktop/Robotica/ros2_ws/src/install/turtlebot_services:/home/alex/Desktop/Robotica/ros2_ws/src/install/turtlebot3_teleop:/home/alex/Desktop/Robotica/ros2_ws/src/install/turtlebot3_tasks:/home/alex/Desktop/Robotica/ros2_ws/src/install/turtlebot3_systems:/home/alex/Desktop/Robotica/ros2_ws/src/install/turtlebot3_example:/home/alex/Desktop/Robotica/ros2_ws/src/install/turtlebot3_autorace:/opt/ros/jazzy DEBUGINFOD_URLS=https://debuginfod.ubuntu.com PS1=[ROSLAB d43] \u@\h:\w$ /usr/bin/cmake --build /home/alex/Desktop/Robot/grupo_07_kuka_kr7_r900_3_ws/build/kuka_agilus_support -- -j16 -l16
[0.852s] DEBUG:colcon.colcon_core.event_handler.log_command:Invoked command in '/home/alex/Desktop/Robot/grupo_07_kuka_kr7_r900_3_ws/build/kuka_agilus_support' returned '0': CMAKE_PREFIX_PATH=/home/alex/Desktop/Robot/grupo_07_kuka_kr7_r900_3_ws/install/kuka_resources:/home/alex/Desktop/Robot/grupo_07_kuka_kr7_r900_3_ws/install/grupo07_kuka_kr7_bringup:/home/alex/Desktop/Robot/grupo_07_kuka_kr7_r900_3_ws/install/kuka_agilus_support:/home/alex/Desktop/Robotica/ros2_ws/install/turtlebot_services_interfaces:/home/alex/Desktop/Robotica/ros2_ws/install/turtlebot3:/home/alex/Desktop/Robotica/ros2_ws/install/turtlebot3_simulations:/home/alex/Desktop/Robotica/ros2_ws/install/turtlebot3_bringup:/home/alex/Desktop/Robotica/ros2_ws/install/turtlebot3_node:/home/alex/Desktop/Robotica/ros2_ws/install/turtlebot3_navigation2:/home/alex/Desktop/Robotica/ros2_ws/install/turtlebot3_fake_node:/home/alex/Desktop/Robotica/ros2_ws/install/turtlebot3_msgs:/home/alex/Desktop/Robotica/ros2_ws/install/turtlebot3_autorace_jazzy:/home/alex/Desktop/Robotica/ros2_ws/install/turtlebot3_gazebo:/home/alex/Desktop/Robotica/ros2_ws/install/turtlebot3_description:/home/alex/Desktop/Robotica/ros2_ws/install/turtlebot3_cartographer:/home/alex/Desktop/Robotica/ros2_ws/install/dynamixel_sdk_examples:/home/alex/Desktop/Robotica/ros2_ws/install/dynamixel_sdk_custom_interfaces:/home/alex/Desktop/Robotica/ros2_ws/install/dynamixel_sdk:/home/alex/Desktop/Robotica/ros2_ws/src/install/turtlebot_services_interfaces:/home/alex/Desktop/Robotica/ros2_ws/src/install/turtlebot3:/home/alex/Desktop/Robotica/ros2_ws/src/install/turtlebot3_simulations:/home/alex/Desktop/Robotica/ros2_ws/src/install/turtlebot3_bringup:/home/alex/Desktop/Robotica/ros2_ws/src/install/turtlebot3_node:/home/alex/Desktop/Robotica/ros2_ws/src/install/turtlebot3_navigation2:/home/alex/Desktop/Robotica/ros2_ws/src/install/turtlebot3_fake_node:/home/alex/Desktop/Robotica/ros2_ws/src/install/turtlebot3_msgs:/home/alex/Desktop/Robotica/ros2_ws/src/install/turtlebot3_autorace_jazzy:/home/alex/Desktop/Robotica/ros2_ws/src/install/turtlebot3_gazebo:/home/alex/Desktop/Robotica/ros2_ws/src/install/turtlebot3_description:/home/alex/Desktop/Robotica/ros2_ws/src/install/turtlebot3_cartographer:/home/alex/Desktop/Robotica/ros2_ws/src/install/dynamixel_sdk_examples:/home/alex/Desktop/Robotica/ros2_ws/src/install/dynamixel_sdk_custom_interfaces:/home/alex/Desktop/Robotica/ros2_ws/src/install/dynamixel_sdk:/opt/ros/jazzy/opt/gz_sim_vendor:/opt/ros/jazzy/opt/gz_sensors_vendor:/opt/ros/jazzy/opt/gz_physics_vendor:/opt/ros/jazzy/opt/sdformat_vendor:/opt/ros/jazzy/opt/gz_gui_vendor:/opt/ros/jazzy/opt/gz_transport_vendor:/opt/ros/jazzy/opt/gz_rendering_vendor:/opt/ros/jazzy/opt/gz_plugin_vendor:/opt/ros/jazzy/opt/gz_fuel_tools_vendor:/opt/ros/jazzy/opt/gz_msgs_vendor:/opt/ros/jazzy/opt/gz_common_vendor:/opt/ros/jazzy/opt/gz_math_vendor:/opt/ros/jazzy/opt/gz_utils_vendor:/opt/ros/jazzy/opt/gz_tools_vendor:/opt/ros/jazzy/opt/gz_ogre_next_vendor:/opt/ros/jazzy/opt/gz_dartsim_vendor:/opt/ros/jazzy/opt/gz_cmake_vendor:/home/alex/Desktop/Robot/grupo_07_kuka_kr7_r900_3_ws/install/grupo07_robot_kinematics:/home/alex/Desktop/Robot/grupo_07_kuka_kr7_r900_3_ws/install/grupo07_kuka_kr7_kinematics:/home/alex/Desktop/Robotica/ros2_ws/install/turtlebot_services:/home/alex/Desktop/Robotica/ros2_ws/install/turtlebot3_teleop:/home/alex/Desktop/Robotica/ros2_ws/install/turtlebot3_tasks:/home/alex/Desktop/Robotica/ros2_ws/install/turtlebot3_systems:/home/alex/Desktop/Robotica/ros2_ws/install/turtlebot3_example:/home/alex/Desktop/Robotica/ros2_ws/install/turtlebot3_autorace:/home/alex/Desktop/Robotica/ros2_ws/src/install/turtlebot_services:/home/alex/Desktop/Robotica/ros2_ws/src/install/turtlebot3_teleop:/home/alex/Desktop/Robotica/ros2_ws/src/install/turtlebot3_tasks:/home/alex/Desktop/Robotica/ros2_ws/src/install/turtlebot3_systems:/home/alex/Desktop/Robotica/ros2_ws/src/install/turtlebot3_example:/home/alex/Desktop/Robotica/ros2_ws/src/install/turtlebot3_autorace:/opt/ros/jazzy DEBUGINFOD_URLS=https://debuginfod.ubuntu.com PS1=[ROSLAB d43] \u@\h:\w$ /usr/bin/cmake --build /home/alex/Desktop/Robot/grupo_07_kuka_kr7_r900_3_ws/build/kuka_agilus_support -- -j16 -l16
[0.853s] DEBUG:colcon.colcon_core.event_handler.log_command:Invoking command in '/home/alex/Desktop/Robot/grupo_07_kuka_kr7_r900_3_ws/build/kuka_agilus_support': CMAKE_PREFIX_PATH=/home/alex/Desktop/Robot/grupo_07_kuka_kr7_r900_3_ws/install/kuka_resources:/home/alex/Desktop/Robot/grupo_07_kuka_kr7_r900_3_ws/install/grupo07_kuka_kr7_bringup:/home/alex/Desktop/Robot/grupo_07_kuka_kr7_r900_3_ws/install/kuka_agilus_support:/home/alex/Desktop/Robotica/ros2_ws/install/turtlebot_services_interfaces:/home/alex/Desktop/Robotica/ros2_ws/install/turtlebot3:/home/alex/Desktop/Robotica/ros2_ws/install/turtlebot3_simulations:/home/alex/Desktop/Robotica/ros2_ws/install/turtlebot3_bringup:/home/alex/Desktop/Robotica/ros2_ws/install/turtlebot3_node:/home/alex/Desktop/Robotica/ros2_ws/install/turtlebot3_navigation2:/home/alex/Desktop/Robotica/ros2_ws/install/turtlebot3_fake_node:/home/alex/Desktop/Robotica/ros2_ws/install/turtlebot3_msgs:/home/alex/Desktop/Robotica/ros2_ws/install/turtlebot3_autorace_jazzy:/home/alex/Desktop/Robotica/ros2_ws/install/turtlebot3_gazebo:/home/alex/Desktop/Robotica/ros2_ws/install/turtlebot3_description:/home/alex/Desktop/Robotica/ros2_ws/install/turtlebot3_cartographer:/home/alex/Desktop/Robotica/ros2_ws/install/dynamixel_sdk_examples:/home/alex/Desktop/Robotica/ros2_ws/install/dynamixel_sdk_custom_interfaces:/home/alex/Desktop/Robotica/ros2_ws/install/dynamixel_sdk:/home/alex/Desktop/Robotica/ros2_ws/src/install/turtlebot_services_interfaces:/home/alex/Desktop/Robotica/ros2_ws/src/install/turtlebot3:/home/alex/Desktop/Robotica/ros2_ws/src/install/turtlebot3_simulations:/home/alex/Desktop/Robotica/ros2_ws/src/install/turtlebot3_bringup:/home/alex/Desktop/Robotica/ros2_ws/src/install/turtlebot3_node:/home/alex/Desktop/Robotica/ros2_ws/src/install/turtlebot3_navigation2:/home/alex/Desktop/Robotica/ros2_ws/src/install/turtlebot3_fake_node:/home/alex/Desktop/Robotica/ros2_ws/src/install/turtlebot3_msgs:/home/alex/Desktop/Robotica/ros2_ws/src/install/turtlebot3_autorace_jazzy:/home/alex/Desktop/Robotica/ros2_ws/src/install/turtlebot3_gazebo:/home/alex/Desktop/Robotica/ros2_ws/src/install/turtlebot3_description:/home/alex/Desktop/Robotica/ros2_ws/src/install/turtlebot3_cartographer:/home/alex/Desktop/Robotica/ros2_ws/src/install/dynamixel_sdk_examples:/home/alex/Desktop/Robotica/ros2_ws/src/install/dynamixel_sdk_custom_interfaces:/home/alex/Desktop/Robotica/ros2_ws/src/install/dynamixel_sdk:/opt/ros/jazzy/opt/gz_sim_vendor:/opt/ros/jazzy/opt/gz_sensors_vendor:/opt/ros/jazzy/opt/gz_physics_vendor:/opt/ros/jazzy/opt/sdformat_vendor:/opt/ros/jazzy/opt/gz_gui_vendor:/opt/ros/jazzy/opt/gz_transport_vendor:/opt/ros/jazzy/opt/gz_rendering_vendor:/opt/ros/jazzy/opt/gz_plugin_vendor:/opt/ros/jazzy/opt/gz_fuel_tools_vendor:/opt/ros/jazzy/opt/gz_msgs_vendor:/opt/ros/jazzy/opt/gz_common_vendor:/opt/ros/jazzy/opt/gz_math_vendor:/opt/ros/jazzy/opt/gz_utils_vendor:/opt/ros/jazzy/opt/gz_tools_vendor:/opt/ros/jazzy/opt/gz_ogre_next_vendor:/opt/ros/jazzy/opt/gz_dartsim_vendor:/opt/ros/jazzy/opt/gz_cmake_vendor:/home/alex/Desktop/Robot/grupo_07_kuka_kr7_r900_3_ws/install/grupo07_robot_kinematics:/home/alex/Desktop/Robot/grupo_07_kuka_kr7_r900_3_ws/install/grupo07_kuka_kr7_kinematics:/home/alex/Desktop/Robotica/ros2_ws/install/turtlebot_services:/home/alex/Desktop/Robotica/ros2_ws/install/turtlebot3_teleop:/home/alex/Desktop/Robotica/ros2_ws/install/turtlebot3_tasks:/home/alex/Desktop/Robotica/ros2_ws/install/turtlebot3_systems:/home/alex/Desktop/Robotica/ros2_ws/install/turtlebot3_example:/home/alex/Desktop/Robotica/ros2_ws/install/turtlebot3_autorace:/home/alex/Desktop/Robotica/ros2_ws/src/install/turtlebot_services:/home/alex/Desktop/Robotica/ros2_ws/src/install/turtlebot3_teleop:/home/alex/Desktop/Robotica/ros2_ws/src/install/turtlebot3_tasks:/home/alex/Desktop/Robotica/ros2_ws/src/install/turtlebot3_systems:/home/alex/Desktop/Robotica/ros2_ws/src/install/turtlebot3_example:/home/alex/Desktop/Robotica/ros2_ws/src/install/turtlebot3_autorace:/opt/ros/jazzy DEBUGINFOD_URLS=https://debuginfod.ubuntu.com PS1=[ROSLAB d43] \u@\h:\w$ /usr/bin/cmake --install /home/alex/Desktop/Robot/grupo_07_kuka_kr7_r900_3_ws/build/kuka_agilus_support
[0.907s] Level 1:colcon.colcon_core.environment:create_environment_scripts_only(kuka_agilus_support)
[0.908s] Level 1:colcon.colcon_core.environment:checking '/home/alex/Desktop/Robot/grupo_07_kuka_kr7_r900_3_ws/install/kuka_agilus_support' for CMake module files
[0.908s] DEBUG:colcon.colcon_core.event_handler.log_command:Invoked command in '/home/alex/Desktop/Robot/grupo_07_kuka_kr7_r900_3_ws/build/kuka_agilus_support' returned '0': CMAKE_PREFIX_PATH=/home/alex/Desktop/Robot/grupo_07_kuka_kr7_r900_3_ws/install/kuka_resources:/home/alex/Desktop/Robot/grupo_07_kuka_kr7_r900_3_ws/install/grupo07_kuka_kr7_bringup:/home/alex/Desktop/Robot/grupo_07_kuka_kr7_r900_3_ws/install/kuka_agilus_support:/home/alex/Desktop/Robotica/ros2_ws/install/turtlebot_services_interfaces:/home/alex/Desktop/Robotica/ros2_ws/install/turtlebot3:/home/alex/Desktop/Robotica/ros2_ws/install/turtlebot3_simulations:/home/alex/Desktop/Robotica/ros2_ws/install/turtlebot3_bringup:/home/alex/Desktop/Robotica/ros2_ws/install/turtlebot3_node:/home/alex/Desktop/Robotica/ros2_ws/install/turtlebot3_navigation2:/home/alex/Desktop/Robotica/ros2_ws/install/turtlebot3_fake_node:/home/alex/Desktop/Robotica/ros2_ws/install/turtlebot3_msgs:/home/alex/Desktop/Robotica/ros2_ws/install/turtlebot3_autorace_jazzy:/home/alex/Desktop/Robotica/ros2_ws/install/turtlebot3_gazebo:/home/alex/Desktop/Robotica/ros2_ws/install/turtlebot3_description:/home/alex/Desktop/Robotica/ros2_ws/install/turtlebot3_cartographer:/home/alex/Desktop/Robotica/ros2_ws/install/dynamixel_sdk_examples:/home/alex/Desktop/Robotica/ros2_ws/install/dynamixel_sdk_custom_interfaces:/home/alex/Desktop/Robotica/ros2_ws/install/dynamixel_sdk:/home/alex/Desktop/Robotica/ros2_ws/src/install/turtlebot_services_interfaces:/home/alex/Desktop/Robotica/ros2_ws/src/install/turtlebot3:/home/alex/Desktop/Robotica/ros2_ws/src/install/turtlebot3_simulations:/home/alex/Desktop/Robotica/ros2_ws/src/install/turtlebot3_bringup:/home/alex/Desktop/Robotica/ros2_ws/src/install/turtlebot3_node:/home/alex/Desktop/Robotica/ros2_ws/src/install/turtlebot3_navigation2:/home/alex/Desktop/Robotica/ros2_ws/src/install/turtlebot3_fake_node:/home/alex/Desktop/Robotica/ros2_ws/src/install/turtlebot3_msgs:/home/alex/Desktop/Robotica/ros2_ws/src/install/turtlebot3_autorace_jazzy:/home/alex/Desktop/Robotica/ros2_ws/src/install/turtlebot3_gazebo:/home/alex/Desktop/Robotica/ros2_ws/src/install/turtlebot3_description:/home/alex/Desktop/Robotica/ros2_ws/src/install/turtlebot3_cartographer:/home/alex/Desktop/Robotica/ros2_ws/src/install/dynamixel_sdk_examples:/home/alex/Desktop/Robotica/ros2_ws/src/install/dynamixel_sdk_custom_interfaces:/home/alex/Desktop/Robotica/ros2_ws/src/install/dynamixel_sdk:/opt/ros/jazzy/opt/gz_sim_vendor:/opt/ros/jazzy/opt/gz_sensors_vendor:/opt/ros/jazzy/opt/gz_physics_vendor:/opt/ros/jazzy/opt/sdformat_vendor:/opt/ros/jazzy/opt/gz_gui_vendor:/opt/ros/jazzy/opt/gz_transport_vendor:/opt/ros/jazzy/opt/gz_rendering_vendor:/opt/ros/jazzy/opt/gz_plugin_vendor:/opt/ros/jazzy/opt/gz_fuel_tools_vendor:/opt/ros/jazzy/opt/gz_msgs_vendor:/opt/ros/jazzy/opt/gz_common_vendor:/opt/ros/jazzy/opt/gz_math_vendor:/opt/ros/jazzy/opt/gz_utils_vendor:/opt/ros/jazzy/opt/gz_tools_vendor:/opt/ros/jazzy/opt/gz_ogre_next_vendor:/opt/ros/jazzy/opt/gz_dartsim_vendor:/opt/ros/jazzy/opt/gz_cmake_vendor:/home/alex/Desktop/Robot/grupo_07_kuka_kr7_r900_3_ws/install/grupo07_robot_kinematics:/home/alex/Desktop/Robot/grupo_07_kuka_kr7_r900_3_ws/install/grupo07_kuka_kr7_kinematics:/home/alex/Desktop/Robotica/ros2_ws/install/turtlebot_services:/home/alex/Desktop/Robotica/ros2_ws/install/turtlebot3_teleop:/home/alex/Desktop/Robotica/ros2_ws/install/turtlebot3_tasks:/home/alex/Desktop/Robotica/ros2_ws/install/turtlebot3_systems:/home/alex/Desktop/Robotica/ros2_ws/install/turtlebot3_example:/home/alex/Desktop/Robotica/ros2_ws/install/turtlebot3_autorace:/home/alex/Desktop/Robotica/ros2_ws/src/install/turtlebot_services:/home/alex/Desktop/Robotica/ros2_ws/src/install/turtlebot3_teleop:/home/alex/Desktop/Robotica/ros2_ws/src/install/turtlebot3_tasks:/home/alex/Desktop/Robotica/ros2_ws/src/install/turtlebot3_systems:/home/alex/Desktop/Robotica/ros2_ws/src/install/turtlebot3_example:/home/alex/Desktop/Robotica/ros2_ws/src/install/turtlebot3_autorace:/opt/ros/jazzy DEBUGINFOD_URLS=https://debuginfod.ubuntu.com PS1=[ROSLAB d43] \u@\h:\w$ /usr/bin/cmake --install /home/alex/Desktop/Robot/grupo_07_kuka_kr7_r900_3_ws/build/kuka_agilus_support
[0.908s] Level 1:colcon.colcon_core.environment:checking '/home/alex/Desktop/Robot/grupo_07_kuka_kr7_r900_3_ws/install/kuka_agilus_support' for CMake config files
[0.909s] Level 1:colcon.colcon_core.shell:create_environment_hook('kuka_agilus_support', 'cmake_prefix_path')
[0.909s] INFO:colcon.colcon_core.shell:Creating environment hook '/home/alex/Desktop/Robot/grupo_07_kuka_kr7_r900_3_ws/install/kuka_agilus_support/share/kuka_agilus_support/hook/cmake_prefix_path.ps1'
[0.909s] INFO:colcon.colcon_core.shell:Creating environment descriptor '/home/alex/Desktop/Robot/grupo_07_kuka_kr7_r900_3_ws/install/kuka_agilus_support/share/kuka_agilus_support/hook/cmake_prefix_path.dsv'
[0.909s] INFO:colcon.colcon_core.shell:Creating environment hook '/home/alex/Desktop/Robot/grupo_07_kuka_kr7_r900_3_ws/install/kuka_agilus_support/share/kuka_agilus_support/hook/cmake_prefix_path.sh'
[0.910s] Level 1:colcon.colcon_core.environment:checking '/home/alex/Desktop/Robot/grupo_07_kuka_kr7_r900_3_ws/install/kuka_agilus_support/bin'
[0.910s] Level 1:colcon.colcon_core.environment:checking '/home/alex/Desktop/Robot/grupo_07_kuka_kr7_r900_3_ws/install/kuka_agilus_support/lib/pkgconfig/kuka_agilus_support.pc'
[0.910s] Level 1:colcon.colcon_core.environment:checking '/home/alex/Desktop/Robot/grupo_07_kuka_kr7_r900_3_ws/install/kuka_agilus_support/lib/python3.12/site-packages'
[0.911s] Level 1:colcon.colcon_core.environment:checking '/home/alex/Desktop/Robot/grupo_07_kuka_kr7_r900_3_ws/install/kuka_agilus_support/bin'
[0.911s] INFO:colcon.colcon_core.shell:Creating package script '/home/alex/Desktop/Robot/grupo_07_kuka_kr7_r900_3_ws/install/kuka_agilus_support/share/kuka_agilus_support/package.ps1'
[0.911s] INFO:colcon.colcon_core.shell:Creating package descriptor '/home/alex/Desktop/Robot/grupo_07_kuka_kr7_r900_3_ws/install/kuka_agilus_support/share/kuka_agilus_support/package.dsv'
[0.912s] INFO:colcon.colcon_core.shell:Creating package script '/home/alex/Desktop/Robot/grupo_07_kuka_kr7_r900_3_ws/install/kuka_agilus_support/share/kuka_agilus_support/package.sh'
[0.912s] INFO:colcon.colcon_core.shell:Creating package script '/home/alex/Desktop/Robot/grupo_07_kuka_kr7_r900_3_ws/install/kuka_agilus_support/share/kuka_agilus_support/package.bash'
[0.912s] INFO:colcon.colcon_core.shell:Creating package script '/home/alex/Desktop/Robot/grupo_07_kuka_kr7_r900_3_ws/install/kuka_agilus_support/share/kuka_agilus_support/package.zsh'
[0.912s] Level 1:colcon.colcon_core.environment:create_file_with_runtime_dependencies(/home/alex/Desktop/Robot/grupo_07_kuka_kr7_r900_3_ws/install/kuka_agilus_support/share/colcon-core/packages/kuka_agilus_support)
[0.913s] Level 1:colcon.colcon_core.environment:create_environment_scripts_only(kuka_agilus_support)
[0.913s] Level 1:colcon.colcon_core.environment:checking '/home/alex/Desktop/Robot/grupo_07_kuka_kr7_r900_3_ws/install/kuka_agilus_support' for CMake module files
[0.913s] Level 1:colcon.colcon_core.environment:checking '/home/alex/Desktop/Robot/grupo_07_kuka_kr7_r900_3_ws/install/kuka_agilus_support' for CMake config files
[0.914s] Level 1:colcon.colcon_core.shell:create_environment_hook('kuka_agilus_support', 'cmake_prefix_path')
[0.914s] INFO:colcon.colcon_core.shell:Creating environment hook '/home/alex/Desktop/Robot/grupo_07_kuka_kr7_r900_3_ws/install/kuka_agilus_support/share/kuka_agilus_support/hook/cmake_prefix_path.ps1'
[0.914s] INFO:colcon.colcon_core.shell:Creating environment descriptor '/home/alex/Desktop/Robot/grupo_07_kuka_kr7_r900_3_ws/install/kuka_agilus_support/share/kuka_agilus_support/hook/cmake_prefix_path.dsv'
[0.914s] INFO:colcon.colcon_core.shell:Creating environment hook '/home/alex/Desktop/Robot/grupo_07_kuka_kr7_r900_3_ws/install/kuka_agilus_support/share/kuka_agilus_support/hook/cmake_prefix_path.sh'
[0.915s] Level 1:colcon.colcon_core.environment:checking '/home/alex/Desktop/Robot/grupo_07_kuka_kr7_r900_3_ws/install/kuka_agilus_support/bin'
[0.915s] Level 1:colcon.colcon_core.environment:checking '/home/alex/Desktop/Robot/grupo_07_kuka_kr7_r900_3_ws/install/kuka_agilus_support/lib/pkgconfig/kuka_agilus_support.pc'
[0.915s] Level 1:colcon.colcon_core.environment:checking '/home/alex/Desktop/Robot/grupo_07_kuka_kr7_r900_3_ws/install/kuka_agilus_support/lib/python3.12/site-packages'
[0.915s] Level 1:colcon.colcon_core.environment:checking '/home/alex/Desktop/Robot/grupo_07_kuka_kr7_r900_3_ws/install/kuka_agilus_support/bin'
[0.916s] INFO:colcon.colcon_core.shell:Creating package script '/home/alex/Desktop/Robot/grupo_07_kuka_kr7_r900_3_ws/install/kuka_agilus_support/share/kuka_agilus_support/package.ps1'
[0.916s] INFO:colcon.colcon_core.shell:Creating package descriptor '/home/alex/Desktop/Robot/grupo_07_kuka_kr7_r900_3_ws/install/kuka_agilus_support/share/kuka_agilus_support/package.dsv'
[0.917s] INFO:colcon.colcon_core.shell:Creating package script '/home/alex/Desktop/Robot/grupo_07_kuka_kr7_r900_3_ws/install/kuka_agilus_support/share/kuka_agilus_support/package.sh'
[0.917s] INFO:colcon.colcon_core.shell:Creating package script '/home/alex/Desktop/Robot/grupo_07_kuka_kr7_r900_3_ws/install/kuka_agilus_support/share/kuka_agilus_support/package.bash'
[0.917s] INFO:colcon.colcon_core.shell:Creating package script '/home/alex/Desktop/Robot/grupo_07_kuka_kr7_r900_3_ws/install/kuka_agilus_support/share/kuka_agilus_support/package.zsh'
[0.918s] Level 1:colcon.colcon_core.environment:create_file_with_runtime_dependencies(/home/alex/Desktop/Robot/grupo_07_kuka_kr7_r900_3_ws/install/kuka_agilus_support/share/colcon-core/packages/kuka_agilus_support)
[0.918s] INFO:colcon.colcon_ros.task.ament_cmake.build:Building ROS package in '/home/alex/Desktop/Robot/grupo_07_kuka_kr7_r900_3_ws/src/grupo07_kuka_kr7_bringup' with build type 'ament_cmake'
[0.918s] INFO:colcon.colcon_cmake.task.cmake.build:Building CMake package in '/home/alex/Desktop/Robot/grupo_07_kuka_kr7_r900_3_ws/src/grupo07_kuka_kr7_bringup'
[0.918s] INFO:colcon.colcon_core.shell:Skip shell extension 'powershell' for command environment: Not usable outside of PowerShell
[0.918s] DEBUG:colcon.colcon_core.shell:Skip shell extension 'dsv' for command environment
[0.934s] DEBUG:colcon.colcon_core.event_handler.log_command:Invoking command in '/home/alex/Desktop/Robot/grupo_07_kuka_kr7_r900_3_ws/build/grupo07_kuka_kr7_bringup': CMAKE_PREFIX_PATH=/home/alex/Desktop/Robot/grupo_07_kuka_kr7_r900_3_ws/install/kuka_agilus_support:/home/alex/Desktop/Robot/grupo_07_kuka_kr7_r900_3_ws/install/kuka_resources:/home/alex/Desktop/Robot/grupo_07_kuka_kr7_r900_3_ws/install/grupo07_kuka_kr7_bringup:/home/alex/Desktop/Robotica/ros2_ws/install/turtlebot_services_interfaces:/home/alex/Desktop/Robotica/ros2_ws/install/turtlebot3:/home/alex/Desktop/Robotica/ros2_ws/install/turtlebot3_simulations:/home/alex/Desktop/Robotica/ros2_ws/install/turtlebot3_bringup:/home/alex/Desktop/Robotica/ros2_ws/install/turtlebot3_node:/home/alex/Desktop/Robotica/ros2_ws/install/turtlebot3_navigation2:/home/alex/Desktop/Robotica/ros2_ws/install/turtlebot3_fake_node:/home/alex/Desktop/Robotica/ros2_ws/install/turtlebot3_msgs:/home/alex/Desktop/Robotica/ros2_ws/install/turtlebot3_autorace_jazzy:/home/alex/Desktop/Robotica/ros2_ws/install/turtlebot3_gazebo:/home/alex/Desktop/Robotica/ros2_ws/install/turtlebot3_description:/home/alex/Desktop/Robotica/ros2_ws/install/turtlebot3_cartographer:/home/alex/Desktop/Robotica/ros2_ws/install/dynamixel_sdk_examples:/home/alex/Desktop/Robotica/ros2_ws/install/dynamixel_sdk_custom_interfaces:/home/alex/Desktop/Robotica/ros2_ws/install/dynamixel_sdk:/home/alex/Desktop/Robotica/ros2_ws/src/install/turtlebot_services_interfaces:/home/alex/Desktop/Robotica/ros2_ws/src/install/turtlebot3:/home/alex/Desktop/Robotica/ros2_ws/src/install/turtlebot3_simulations:/home/alex/Desktop/Robotica/ros2_ws/src/install/turtlebot3_bringup:/home/alex/Desktop/Robotica/ros2_ws/src/install/turtlebot3_node:/home/alex/Desktop/Robotica/ros2_ws/src/install/turtlebot3_navigation2:/home/alex/Desktop/Robotica/ros2_ws/src/install/turtlebot3_fake_node:/home/alex/Desktop/Robotica/ros2_ws/src/install/turtlebot3_msgs:/home/alex/Desktop/Robotica/ros2_ws/src/install/turtlebot3_autorace_jazzy:/home/alex/Desktop/Robotica/ros2_ws/src/install/turtlebot3_gazebo:/home/alex/Desktop/Robotica/ros2_ws/src/install/turtlebot3_description:/home/alex/Desktop/Robotica/ros2_ws/src/install/turtlebot3_cartographer:/home/alex/Desktop/Robotica/ros2_ws/src/install/dynamixel_sdk_examples:/home/alex/Desktop/Robotica/ros2_ws/src/install/dynamixel_sdk_custom_interfaces:/home/alex/Desktop/Robotica/ros2_ws/src/install/dynamixel_sdk:/opt/ros/jazzy/opt/gz_sim_vendor:/opt/ros/jazzy/opt/gz_sensors_vendor:/opt/ros/jazzy/opt/gz_physics_vendor:/opt/ros/jazzy/opt/sdformat_vendor:/opt/ros/jazzy/opt/gz_gui_vendor:/opt/ros/jazzy/opt/gz_transport_vendor:/opt/ros/jazzy/opt/gz_rendering_vendor:/opt/ros/jazzy/opt/gz_plugin_vendor:/opt/ros/jazzy/opt/gz_fuel_tools_vendor:/opt/ros/jazzy/opt/gz_msgs_vendor:/opt/ros/jazzy/opt/gz_common_vendor:/opt/ros/jazzy/opt/gz_math_vendor:/opt/ros/jazzy/opt/gz_utils_vendor:/opt/ros/jazzy/opt/gz_tools_vendor:/opt/ros/jazzy/opt/gz_ogre_next_vendor:/opt/ros/jazzy/opt/gz_dartsim_vendor:/opt/ros/jazzy/opt/gz_cmake_vendor:/home/alex/Desktop/Robot/grupo_07_kuka_kr7_r900_3_ws/install/grupo07_robot_kinematics:/home/alex/Desktop/Robot/grupo_07_kuka_kr7_r900_3_ws/install/grupo07_kuka_kr7_kinematics:/home/alex/Desktop/Robotica/ros2_ws/install/turtlebot_services:/home/alex/Desktop/Robotica/ros2_ws/install/turtlebot3_teleop:/home/alex/Desktop/Robotica/ros2_ws/install/turtlebot3_tasks:/home/alex/Desktop/Robotica/ros2_ws/install/turtlebot3_systems:/home/alex/Desktop/Robotica/ros2_ws/install/turtlebot3_example:/home/alex/Desktop/Robotica/ros2_ws/install/turtlebot3_autorace:/home/alex/Desktop/Robotica/ros2_ws/src/install/turtlebot_services:/home/alex/Desktop/Robotica/ros2_ws/src/install/turtlebot3_teleop:/home/alex/Desktop/Robotica/ros2_ws/src/install/turtlebot3_tasks:/home/alex/Desktop/Robotica/ros2_ws/src/install/turtlebot3_systems:/home/alex/Desktop/Robotica/ros2_ws/src/install/turtlebot3_example:/home/alex/Desktop/Robotica/ros2_ws/src/install/turtlebot3_autorace:/opt/ros/jazzy DEBUGINFOD_URLS=https://debuginfod.ubuntu.com PS1=[ROSLAB d43] \u@\h:\w$ /usr/bin/cmake --build /home/alex/Desktop/Robot/grupo_07_kuka_kr7_r900_3_ws/build/grupo07_kuka_kr7_bringup -- -j16 -l16
[0.984s] DEBUG:colcon.colcon_core.event_handler.log_command:Invoked command in '/home/alex/Desktop/Robot/grupo_07_kuka_kr7_r900_3_ws/build/grupo07_kuka_kr7_bringup' returned '0': CMAKE_PREFIX_PATH=/home/alex/Desktop/Robot/grupo_07_kuka_kr7_r900_3_ws/install/kuka_agilus_support:/home/alex/Desktop/Robot/grupo_07_kuka_kr7_r900_3_ws/install/kuka_resources:/home/alex/Desktop/Robot/grupo_07_kuka_kr7_r900_3_ws/install/grupo07_kuka_kr7_bringup:/home/alex/Desktop/Robotica/ros2_ws/install/turtlebot_services_interfaces:/home/alex/Desktop/Robotica/ros2_ws/install/turtlebot3:/home/alex/Desktop/Robotica/ros2_ws/install/turtlebot3_simulations:/home/alex/Desktop/Robotica/ros2_ws/install/turtlebot3_bringup:/home/alex/Desktop/Robotica/ros2_ws/install/turtlebot3_node:/home/alex/Desktop/Robotica/ros2_ws/install/turtlebot3_navigation2:/home/alex/Desktop/Robotica/ros2_ws/install/turtlebot3_fake_node:/home/alex/Desktop/Robotica/ros2_ws/install/turtlebot3_msgs:/home/alex/Desktop/Robotica/ros2_ws/install/turtlebot3_autorace_jazzy:/home/alex/Desktop/Robotica/ros2_ws/install/turtlebot3_gazebo:/home/alex/Desktop/Robotica/ros2_ws/install/turtlebot3_description:/home/alex/Desktop/Robotica/ros2_ws/install/turtlebot3_cartographer:/home/alex/Desktop/Robotica/ros2_ws/install/dynamixel_sdk_examples:/home/alex/Desktop/Robotica/ros2_ws/install/dynamixel_sdk_custom_interfaces:/home/alex/Desktop/Robotica/ros2_ws/install/dynamixel_sdk:/home/alex/Desktop/Robotica/ros2_ws/src/install/turtlebot_services_interfaces:/home/alex/Desktop/Robotica/ros2_ws/src/install/turtlebot3:/home/alex/Desktop/Robotica/ros2_ws/src/install/turtlebot3_simulations:/home/alex/Desktop/Robotica/ros2_ws/src/install/turtlebot3_bringup:/home/alex/Desktop/Robotica/ros2_ws/src/install/turtlebot3_node:/home/alex/Desktop/Robotica/ros2_ws/src/install/turtlebot3_navigation2:/home/alex/Desktop/Robotica/ros2_ws/src/install/turtlebot3_fake_node:/home/alex/Desktop/Robotica/ros2_ws/src/install/turtlebot3_msgs:/home/alex/Desktop/Robotica/ros2_ws/src/install/turtlebot3_autorace_jazzy:/home/alex/Desktop/Robotica/ros2_ws/src/install/turtlebot3_gazebo:/home/alex/Desktop/Robotica/ros2_ws/src/install/turtlebot3_description:/home/alex/Desktop/Robotica/ros2_ws/src/install/turtlebot3_cartographer:/home/alex/Desktop/Robotica/ros2_ws/src/install/dynamixel_sdk_examples:/home/alex/Desktop/Robotica/ros2_ws/src/install/dynamixel_sdk_custom_interfaces:/home/alex/Desktop/Robotica/ros2_ws/src/install/dynamixel_sdk:/opt/ros/jazzy/opt/gz_sim_vendor:/opt/ros/jazzy/opt/gz_sensors_vendor:/opt/ros/jazzy/opt/gz_physics_vendor:/opt/ros/jazzy/opt/sdformat_vendor:/opt/ros/jazzy/opt/gz_gui_vendor:/opt/ros/jazzy/opt/gz_transport_vendor:/opt/ros/jazzy/opt/gz_rendering_vendor:/opt/ros/jazzy/opt/gz_plugin_vendor:/opt/ros/jazzy/opt/gz_fuel_tools_vendor:/opt/ros/jazzy/opt/gz_msgs_vendor:/opt/ros/jazzy/opt/gz_common_vendor:/opt/ros/jazzy/opt/gz_math_vendor:/opt/ros/jazzy/opt/gz_utils_vendor:/opt/ros/jazzy/opt/gz_tools_vendor:/opt/ros/jazzy/opt/gz_ogre_next_vendor:/opt/ros/jazzy/opt/gz_dartsim_vendor:/opt/ros/jazzy/opt/gz_cmake_vendor:/home/alex/Desktop/Robot/grupo_07_kuka_kr7_r900_3_ws/install/grupo07_robot_kinematics:/home/alex/Desktop/Robot/grupo_07_kuka_kr7_r900_3_ws/install/grupo07_kuka_kr7_kinematics:/home/alex/Desktop/Robotica/ros2_ws/install/turtlebot_services:/home/alex/Desktop/Robotica/ros2_ws/install/turtlebot3_teleop:/home/alex/Desktop/Robotica/ros2_ws/install/turtlebot3_tasks:/home/alex/Desktop/Robotica/ros2_ws/install/turtlebot3_systems:/home/alex/Desktop/Robotica/ros2_ws/install/turtlebot3_example:/home/alex/Desktop/Robotica/ros2_ws/install/turtlebot3_autorace:/home/alex/Desktop/Robotica/ros2_ws/src/install/turtlebot_services:/home/alex/Desktop/Robotica/ros2_ws/src/install/turtlebot3_teleop:/home/alex/Desktop/Robotica/ros2_ws/src/install/turtlebot3_tasks:/home/alex/Desktop/Robotica/ros2_ws/src/install/turtlebot3_systems:/home/alex/Desktop/Robotica/ros2_ws/src/install/turtlebot3_example:/home/alex/Desktop/Robotica/ros2_ws/src/install/turtlebot3_autorace:/opt/ros/jazzy DEBUGINFOD_URLS=https://debuginfod.ubuntu.com PS1=[ROSLAB d43] \u@\h:\w$ /usr/bin/cmake --build /home/alex/Desktop/Robot/grupo_07_kuka_kr7_r900_3_ws/build/grupo07_kuka_kr7_bringup -- -j16 -l16
[0.984s] DEBUG:colcon.colcon_core.event_handler.log_command:Invoking command in '/home/alex/Desktop/Robot/grupo_07_kuka_kr7_r900_3_ws/build/grupo07_kuka_kr7_bringup': CMAKE_PREFIX_PATH=/home/alex/Desktop/Robot/grupo_07_kuka_kr7_r900_3_ws/install/kuka_agilus_support:/home/alex/Desktop/Robot/grupo_07_kuka_kr7_r900_3_ws/install/kuka_resources:/home/alex/Desktop/Robot/grupo_07_kuka_kr7_r900_3_ws/install/grupo07_kuka_kr7_bringup:/home/alex/Desktop/Robotica/ros2_ws/install/turtlebot_services_interfaces:/home/alex/Desktop/Robotica/ros2_ws/install/turtlebot3:/home/alex/Desktop/Robotica/ros2_ws/install/turtlebot3_simulations:/home/alex/Desktop/Robotica/ros2_ws/install/turtlebot3_bringup:/home/alex/Desktop/Robotica/ros2_ws/install/turtlebot3_node:/home/alex/Desktop/Robotica/ros2_ws/install/turtlebot3_navigation2:/home/alex/Desktop/Robotica/ros2_ws/install/turtlebot3_fake_node:/home/alex/Desktop/Robotica/ros2_ws/install/turtlebot3_msgs:/home/alex/Desktop/Robotica/ros2_ws/install/turtlebot3_autorace_jazzy:/home/alex/Desktop/Robotica/ros2_ws/install/turtlebot3_gazebo:/home/alex/Desktop/Robotica/ros2_ws/install/turtlebot3_description:/home/alex/Desktop/Robotica/ros2_ws/install/turtlebot3_cartographer:/home/alex/Desktop/Robotica/ros2_ws/install/dynamixel_sdk_examples:/home/alex/Desktop/Robotica/ros2_ws/install/dynamixel_sdk_custom_interfaces:/home/alex/Desktop/Robotica/ros2_ws/install/dynamixel_sdk:/home/alex/Desktop/Robotica/ros2_ws/src/install/turtlebot_services_interfaces:/home/alex/Desktop/Robotica/ros2_ws/src/install/turtlebot3:/home/alex/Desktop/Robotica/ros2_ws/src/install/turtlebot3_simulations:/home/alex/Desktop/Robotica/ros2_ws/src/install/turtlebot3_bringup:/home/alex/Desktop/Robotica/ros2_ws/src/install/turtlebot3_node:/home/alex/Desktop/Robotica/ros2_ws/src/install/turtlebot3_navigation2:/home/alex/Desktop/Robotica/ros2_ws/src/install/turtlebot3_fake_node:/home/alex/Desktop/Robotica/ros2_ws/src/install/turtlebot3_msgs:/home/alex/Desktop/Robotica/ros2_ws/src/install/turtlebot3_autorace_jazzy:/home/alex/Desktop/Robotica/ros2_ws/src/install/turtlebot3_gazebo:/home/alex/Desktop/Robotica/ros2_ws/src/install/turtlebot3_description:/home/alex/Desktop/Robotica/ros2_ws/src/install/turtlebot3_cartographer:/home/alex/Desktop/Robotica/ros2_ws/src/install/dynamixel_sdk_examples:/home/alex/Desktop/Robotica/ros2_ws/src/install/dynamixel_sdk_custom_interfaces:/home/alex/Desktop/Robotica/ros2_ws/src/install/dynamixel_sdk:/opt/ros/jazzy/opt/gz_sim_vendor:/opt/ros/jazzy/opt/gz_sensors_vendor:/opt/ros/jazzy/opt/gz_physics_vendor:/opt/ros/jazzy/opt/sdformat_vendor:/opt/ros/jazzy/opt/gz_gui_vendor:/opt/ros/jazzy/opt/gz_transport_vendor:/opt/ros/jazzy/opt/gz_rendering_vendor:/opt/ros/jazzy/opt/gz_plugin_vendor:/opt/ros/jazzy/opt/gz_fuel_tools_vendor:/opt/ros/jazzy/opt/gz_msgs_vendor:/opt/ros/jazzy/opt/gz_common_vendor:/opt/ros/jazzy/opt/gz_math_vendor:/opt/ros/jazzy/opt/gz_utils_vendor:/opt/ros/jazzy/opt/gz_tools_vendor:/opt/ros/jazzy/opt/gz_ogre_next_vendor:/opt/ros/jazzy/opt/gz_dartsim_vendor:/opt/ros/jazzy/opt/gz_cmake_vendor:/home/alex/Desktop/Robot/grupo_07_kuka_kr7_r900_3_ws/install/grupo07_robot_kinematics:/home/alex/Desktop/Robot/grupo_07_kuka_kr7_r900_3_ws/install/grupo07_kuka_kr7_kinematics:/home/alex/Desktop/Robotica/ros2_ws/install/turtlebot_services:/home/alex/Desktop/Robotica/ros2_ws/install/turtlebot3_teleop:/home/alex/Desktop/Robotica/ros2_ws/install/turtlebot3_tasks:/home/alex/Desktop/Robotica/ros2_ws/install/turtlebot3_systems:/home/alex/Desktop/Robotica/ros2_ws/install/turtlebot3_example:/home/alex/Desktop/Robotica/ros2_ws/install/turtlebot3_autorace:/home/alex/Desktop/Robotica/ros2_ws/src/install/turtlebot_services:/home/alex/Desktop/Robotica/ros2_ws/src/install/turtlebot3_teleop:/home/alex/Desktop/Robotica/ros2_ws/src/install/turtlebot3_tasks:/home/alex/Desktop/Robotica/ros2_ws/src/install/turtlebot3_systems:/home/alex/Desktop/Robotica/ros2_ws/src/install/turtlebot3_example:/home/alex/Desktop/Robotica/ros2_ws/src/install/turtlebot3_autorace:/opt/ros/jazzy DEBUGINFOD_URLS=https://debuginfod.ubuntu.com PS1=[ROSLAB d43] \u@\h:\w$ /usr/bin/cmake --install /home/alex/Desktop/Robot/grupo_07_kuka_kr7_r900_3_ws/build/grupo07_kuka_kr7_bringup
[1.010s] Level 1:colcon.colcon_core.environment:create_environment_scripts_only(grupo07_kuka_kr7_bringup)
[1.010s] Level 1:colcon.colcon_core.environment:checking '/home/alex/Desktop/Robot/grupo_07_kuka_kr7_r900_3_ws/install/grupo07_kuka_kr7_bringup' for CMake module files
[1.010s] DEBUG:colcon.colcon_core.event_handler.log_command:Invoked command in '/home/alex/Desktop/Robot/grupo_07_kuka_kr7_r900_3_ws/build/grupo07_kuka_kr7_bringup' returned '0': CMAKE_PREFIX_PATH=/home/alex/Desktop/Robot/grupo_07_kuka_kr7_r900_3_ws/install/kuka_agilus_support:/home/alex/Desktop/Robot/grupo_07_kuka_kr7_r900_3_ws/install/kuka_resources:/home/alex/Desktop/Robot/grupo_07_kuka_kr7_r900_3_ws/install/grupo07_kuka_kr7_bringup:/home/alex/Desktop/Robotica/ros2_ws/install/turtlebot_services_interfaces:/home/alex/Desktop/Robotica/ros2_ws/install/turtlebot3:/home/alex/Desktop/Robotica/ros2_ws/install/turtlebot3_simulations:/home/alex/Desktop/Robotica/ros2_ws/install/turtlebot3_bringup:/home/alex/Desktop/Robotica/ros2_ws/install/turtlebot3_node:/home/alex/Desktop/Robotica/ros2_ws/install/turtlebot3_navigation2:/home/alex/Desktop/Robotica/ros2_ws/install/turtlebot3_fake_node:/home/alex/Desktop/Robotica/ros2_ws/install/turtlebot3_msgs:/home/alex/Desktop/Robotica/ros2_ws/install/turtlebot3_autorace_jazzy:/home/alex/Desktop/Robotica/ros2_ws/install/turtlebot3_gazebo:/home/alex/Desktop/Robotica/ros2_ws/install/turtlebot3_description:/home/alex/Desktop/Robotica/ros2_ws/install/turtlebot3_cartographer:/home/alex/Desktop/Robotica/ros2_ws/install/dynamixel_sdk_examples:/home/alex/Desktop/Robotica/ros2_ws/install/dynamixel_sdk_custom_interfaces:/home/alex/Desktop/Robotica/ros2_ws/install/dynamixel_sdk:/home/alex/Desktop/Robotica/ros2_ws/src/install/turtlebot_services_interfaces:/home/alex/Desktop/Robotica/ros2_ws/src/install/turtlebot3:/home/alex/Desktop/Robotica/ros2_ws/src/install/turtlebot3_simulations:/home/alex/Desktop/Robotica/ros2_ws/src/install/turtlebot3_bringup:/home/alex/Desktop/Robotica/ros2_ws/src/install/turtlebot3_node:/home/alex/Desktop/Robotica/ros2_ws/src/install/turtlebot3_navigation2:/home/alex/Desktop/Robotica/ros2_ws/src/install/turtlebot3_fake_node:/home/alex/Desktop/Robotica/ros2_ws/src/install/turtlebot3_msgs:/home/alex/Desktop/Robotica/ros2_ws/src/install/turtlebot3_autorace_jazzy:/home/alex/Desktop/Robotica/ros2_ws/src/install/turtlebot3_gazebo:/home/alex/Desktop/Robotica/ros2_ws/src/install/turtlebot3_description:/home/alex/Desktop/Robotica/ros2_ws/src/install/turtlebot3_cartographer:/home/alex/Desktop/Robotica/ros2_ws/src/install/dynamixel_sdk_examples:/home/alex/Desktop/Robotica/ros2_ws/src/install/dynamixel_sdk_custom_interfaces:/home/alex/Desktop/Robotica/ros2_ws/src/install/dynamixel_sdk:/opt/ros/jazzy/opt/gz_sim_vendor:/opt/ros/jazzy/opt/gz_sensors_vendor:/opt/ros/jazzy/opt/gz_physics_vendor:/opt/ros/jazzy/opt/sdformat_vendor:/opt/ros/jazzy/opt/gz_gui_vendor:/opt/ros/jazzy/opt/gz_transport_vendor:/opt/ros/jazzy/opt/gz_rendering_vendor:/opt/ros/jazzy/opt/gz_plugin_vendor:/opt/ros/jazzy/opt/gz_fuel_tools_vendor:/opt/ros/jazzy/opt/gz_msgs_vendor:/opt/ros/jazzy/opt/gz_common_vendor:/opt/ros/jazzy/opt/gz_math_vendor:/opt/ros/jazzy/opt/gz_utils_vendor:/opt/ros/jazzy/opt/gz_tools_vendor:/opt/ros/jazzy/opt/gz_ogre_next_vendor:/opt/ros/jazzy/opt/gz_dartsim_vendor:/opt/ros/jazzy/opt/gz_cmake_vendor:/home/alex/Desktop/Robot/grupo_07_kuka_kr7_r900_3_ws/install/grupo07_robot_kinematics:/home/alex/Desktop/Robot/grupo_07_kuka_kr7_r900_3_ws/install/grupo07_kuka_kr7_kinematics:/home/alex/Desktop/Robotica/ros2_ws/install/turtlebot_services:/home/alex/Desktop/Robotica/ros2_ws/install/turtlebot3_teleop:/home/alex/Desktop/Robotica/ros2_ws/install/turtlebot3_tasks:/home/alex/Desktop/Robotica/ros2_ws/install/turtlebot3_systems:/home/alex/Desktop/Robotica/ros2_ws/install/turtlebot3_example:/home/alex/Desktop/Robotica/ros2_ws/install/turtlebot3_autorace:/home/alex/Desktop/Robotica/ros2_ws/src/install/turtlebot_services:/home/alex/Desktop/Robotica/ros2_ws/src/install/turtlebot3_teleop:/home/alex/Desktop/Robotica/ros2_ws/src/install/turtlebot3_tasks:/home/alex/Desktop/Robotica/ros2_ws/src/install/turtlebot3_systems:/home/alex/Desktop/Robotica/ros2_ws/src/install/turtlebot3_example:/home/alex/Desktop/Robotica/ros2_ws/src/install/turtlebot3_autorace:/opt/ros/jazzy DEBUGINFOD_URLS=https://debuginfod.ubuntu.com PS1=[ROSLAB d43] \u@\h:\w$ /usr/bin/cmake --install /home/alex/Desktop/Robot/grupo_07_kuka_kr7_r900_3_ws/build/grupo07_kuka_kr7_bringup
[1.011s] Level 1:colcon.colcon_core.environment:checking '/home/alex/Desktop/Robot/grupo_07_kuka_kr7_r900_3_ws/install/grupo07_kuka_kr7_bringup' for CMake config files
[1.011s] Level 1:colcon.colcon_core.shell:create_environment_hook('grupo07_kuka_kr7_bringup', 'cmake_prefix_path')
[1.011s] INFO:colcon.colcon_core.shell:Creating environment hook '/home/alex/Desktop/Robot/grupo_07_kuka_kr7_r900_3_ws/install/grupo07_kuka_kr7_bringup/share/grupo07_kuka_kr7_bringup/hook/cmake_prefix_path.ps1'
[1.012s] INFO:colcon.colcon_core.shell:Creating environment descriptor '/home/alex/Desktop/Robot/grupo_07_kuka_kr7_r900_3_ws/install/grupo07_kuka_kr7_bringup/share/grupo07_kuka_kr7_bringup/hook/cmake_prefix_path.dsv'
[1.012s] INFO:colcon.colcon_core.shell:Creating environment hook '/home/alex/Desktop/Robot/grupo_07_kuka_kr7_r900_3_ws/install/grupo07_kuka_kr7_bringup/share/grupo07_kuka_kr7_bringup/hook/cmake_prefix_path.sh'
[1.013s] Level 1:colcon.colcon_core.environment:checking '/home/alex/Desktop/Robot/grupo_07_kuka_kr7_r900_3_ws/install/grupo07_kuka_kr7_bringup/bin'
[1.013s] Level 1:colcon.colcon_core.environment:checking '/home/alex/Desktop/Robot/grupo_07_kuka_kr7_r900_3_ws/install/grupo07_kuka_kr7_bringup/lib/pkgconfig/grupo07_kuka_kr7_bringup.pc'
[1.013s] Level 1:colcon.colcon_core.environment:checking '/home/alex/Desktop/Robot/grupo_07_kuka_kr7_r900_3_ws/install/grupo07_kuka_kr7_bringup/lib/python3.12/site-packages'
[1.013s] Level 1:colcon.colcon_core.environment:checking '/home/alex/Desktop/Robot/grupo_07_kuka_kr7_r900_3_ws/install/grupo07_kuka_kr7_bringup/bin'
[1.013s] INFO:colcon.colcon_core.shell:Creating package script '/home/alex/Desktop/Robot/grupo_07_kuka_kr7_r900_3_ws/install/grupo07_kuka_kr7_bringup/share/grupo07_kuka_kr7_bringup/package.ps1'
[1.014s] INFO:colcon.colcon_core.shell:Creating package descriptor '/home/alex/Desktop/Robot/grupo_07_kuka_kr7_r900_3_ws/install/grupo07_kuka_kr7_bringup/share/grupo07_kuka_kr7_bringup/package.dsv'
[1.014s] INFO:colcon.colcon_core.shell:Creating package script '/home/alex/Desktop/Robot/grupo_07_kuka_kr7_r900_3_ws/install/grupo07_kuka_kr7_bringup/share/grupo07_kuka_kr7_bringup/package.sh'
[1.015s] INFO:colcon.colcon_core.shell:Creating package script '/home/alex/Desktop/Robot/grupo_07_kuka_kr7_r900_3_ws/install/grupo07_kuka_kr7_bringup/share/grupo07_kuka_kr7_bringup/package.bash'
[1.015s] INFO:colcon.colcon_core.shell:Creating package script '/home/alex/Desktop/Robot/grupo_07_kuka_kr7_r900_3_ws/install/grupo07_kuka_kr7_bringup/share/grupo07_kuka_kr7_bringup/package.zsh'
[1.015s] Level 1:colcon.colcon_core.environment:create_file_with_runtime_dependencies(/home/alex/Desktop/Robot/grupo_07_kuka_kr7_r900_3_ws/install/grupo07_kuka_kr7_bringup/share/colcon-core/packages/grupo07_kuka_kr7_bringup)
[1.016s] Level 1:colcon.colcon_core.environment:create_environment_scripts_only(grupo07_kuka_kr7_bringup)
[1.016s] Level 1:colcon.colcon_core.environment:checking '/home/alex/Desktop/Robot/grupo_07_kuka_kr7_r900_3_ws/install/grupo07_kuka_kr7_bringup' for CMake module files
[1.016s] Level 1:colcon.colcon_core.environment:checking '/home/alex/Desktop/Robot/grupo_07_kuka_kr7_r900_3_ws/install/grupo07_kuka_kr7_bringup' for CMake config files
[1.016s] Level 1:colcon.colcon_core.shell:create_environment_hook('grupo07_kuka_kr7_bringup', 'cmake_prefix_path')
[1.016s] INFO:colcon.colcon_core.shell:Creating environment hook '/home/alex/Desktop/Robot/grupo_07_kuka_kr7_r900_3_ws/install/grupo07_kuka_kr7_bringup/share/grupo07_kuka_kr7_bringup/hook/cmake_prefix_path.ps1'
[1.017s] INFO:colcon.colcon_core.shell:Creating environment descriptor '/home/alex/Desktop/Robot/grupo_07_kuka_kr7_r900_3_ws/install/grupo07_kuka_kr7_bringup/share/grupo07_kuka_kr7_bringup/hook/cmake_prefix_path.dsv'
[1.017s] INFO:colcon.colcon_core.shell:Creating environment hook '/home/alex/Desktop/Robot/grupo_07_kuka_kr7_r900_3_ws/install/grupo07_kuka_kr7_bringup/share/grupo07_kuka_kr7_bringup/hook/cmake_prefix_path.sh'
[1.018s] Level 1:colcon.colcon_core.environment:checking '/home/alex/Desktop/Robot/grupo_07_kuka_kr7_r900_3_ws/install/grupo07_kuka_kr7_bringup/bin'
[1.018s] Level 1:colcon.colcon_core.environment:checking '/home/alex/Desktop/Robot/grupo_07_kuka_kr7_r900_3_ws/install/grupo07_kuka_kr7_bringup/lib/pkgconfig/grupo07_kuka_kr7_bringup.pc'
[1.018s] Level 1:colcon.colcon_core.environment:checking '/home/alex/Desktop/Robot/grupo_07_kuka_kr7_r900_3_ws/install/grupo07_kuka_kr7_bringup/lib/python3.12/site-packages'
[1.018s] Level 1:colcon.colcon_core.environment:checking '/home/alex/Desktop/Robot/grupo_07_kuka_kr7_r900_3_ws/install/grupo07_kuka_kr7_bringup/bin'
[1.018s] INFO:colcon.colcon_core.shell:Creating package script '/home/alex/Desktop/Robot/grupo_07_kuka_kr7_r900_3_ws/install/grupo07_kuka_kr7_bringup/share/grupo07_kuka_kr7_bringup/package.ps1'
[1.019s] INFO:colcon.colcon_core.shell:Creating package descriptor '/home/alex/Desktop/Robot/grupo_07_kuka_kr7_r900_3_ws/install/grupo07_kuka_kr7_bringup/share/grupo07_kuka_kr7_bringup/package.dsv'
[1.019s] INFO:colcon.colcon_core.shell:Creating package script '/home/alex/Desktop/Robot/grupo_07_kuka_kr7_r900_3_ws/install/grupo07_kuka_kr7_bringup/share/grupo07_kuka_kr7_bringup/package.sh'
[1.020s] INFO:colcon.colcon_core.shell:Creating package script '/home/alex/Desktop/Robot/grupo_07_kuka_kr7_r900_3_ws/install/grupo07_kuka_kr7_bringup/share/grupo07_kuka_kr7_bringup/package.bash'
[1.020s] INFO:colcon.colcon_core.shell:Creating package script '/home/alex/Desktop/Robot/grupo_07_kuka_kr7_r900_3_ws/install/grupo07_kuka_kr7_bringup/share/grupo07_kuka_kr7_bringup/package.zsh'
[1.021s] Level 1:colcon.colcon_core.environment:create_file_with_runtime_dependencies(/home/alex/Desktop/Robot/grupo_07_kuka_kr7_r900_3_ws/install/grupo07_kuka_kr7_bringup/share/colcon-core/packages/grupo07_kuka_kr7_bringup)
[1.380s] DEBUG:colcon.colcon_core.task.python.build:Available setuptools commands: install_lib, install_data, egg_info, saveopts, alias, upload_docs, bdist, sdist, symlink_data, init_catalog, test, install_scripts, build, bdist_wheel, build_ext, upload, build_clib, easy_install, develop, setopt, clean, register, dist_info, bdist_dumb, bdist_rpm, check, install, install_egg_info, build_scripts, editable_wheel, build_py, compile_catalog, bdist_egg, update_catalog, rotate, extract_messages, install_headers
[1.383s] DEBUG:colcon.colcon_core.event_handler.log_command:Invoking command in '/home/alex/Desktop/Robot/grupo_07_kuka_kr7_r900_3_ws/src/grupo07_robot_kinematics': DEBUGINFOD_URLS=https://debuginfod.ubuntu.com PS1=[ROSLAB d43] \u@\h:\w$ PYTHONPATH=/home/alex/Desktop/Robot/grupo_07_kuka_kr7_r900_3_ws/build/grupo07_robot_kinematics/prefix_override:/usr/lib/python3/dist-packages/colcon_core/task/python/colcon_distutils_commands:/home/alex/Desktop/Robot/grupo_07_kuka_kr7_r900_3_ws/install/grupo07_robot_kinematics/lib/python3.12/site-packages:${PYTHONPATH} /usr/bin/python3 -W ignore:setup.py install is deprecated -W ignore:easy_install command is deprecated setup.py egg_info --egg-base ../../build/grupo07_robot_kinematics build --build-base /home/alex/Desktop/Robot/grupo_07_kuka_kr7_r900_3_ws/build/grupo07_robot_kinematics/build install --record /home/alex/Desktop/Robot/grupo_07_kuka_kr7_r900_3_ws/build/grupo07_robot_kinematics/install.log --install-scripts $base/lib/grupo07_robot_kinematics --single-version-externally-managed install_data
[1.395s] DEBUG:colcon.colcon_core.task.python.build:Available setuptools commands: install_lib, install_data, egg_info, saveopts, alias, upload_docs, bdist, sdist, symlink_data, init_catalog, test, install_scripts, build, bdist_wheel, build_ext, upload, build_clib, easy_install, develop, setopt, clean, register, dist_info, bdist_dumb, bdist_rpm, check, install, install_egg_info, build_scripts, editable_wheel, build_py, compile_catalog, bdist_egg, update_catalog, rotate, extract_messages, install_headers
[1.397s] DEBUG:colcon.colcon_core.event_handler.log_command:Invoking command in '/home/alex/Desktop/Robot/grupo_07_kuka_kr7_r900_3_ws/src/grupo07_kuka_kr7_kinematics': DEBUGINFOD_URLS=https://debuginfod.ubuntu.com PS1=[ROSLAB d43] \u@\h:\w$ PYTHONPATH=/home/alex/Desktop/Robot/grupo_07_kuka_kr7_r900_3_ws/build/grupo07_kuka_kr7_kinematics/prefix_override:/usr/lib/python3/dist-packages/colcon_core/task/python/colcon_distutils_commands:/home/alex/Desktop/Robot/grupo_07_kuka_kr7_r900_3_ws/install/grupo07_kuka_kr7_kinematics/lib/python3.12/site-packages:${PYTHONPATH} /usr/bin/python3 -W ignore:setup.py install is deprecated -W ignore:easy_install command is deprecated setup.py egg_info --egg-base ../../build/grupo07_kuka_kr7_kinematics build --build-base /home/alex/Desktop/Robot/grupo_07_kuka_kr7_r900_3_ws/build/grupo07_kuka_kr7_kinematics/build install --record /home/alex/Desktop/Robot/grupo_07_kuka_kr7_r900_3_ws/build/grupo07_kuka_kr7_kinematics/install.log --install-scripts $base/lib/grupo07_kuka_kr7_kinematics --single-version-externally-managed install_data
[1.966s] Level 1:colcon.colcon_core.environment:checking '/home/alex/Desktop/Robot/grupo_07_kuka_kr7_r900_3_ws/install/grupo07_robot_kinematics' for CMake module files
[1.967s] DEBUG:colcon.colcon_core.event_handler.log_command:Invoked command in '/home/alex/Desktop/Robot/grupo_07_kuka_kr7_r900_3_ws/src/grupo07_robot_kinematics' returned '0': DEBUGINFOD_URLS=https://debuginfod.ubuntu.com PS1=[ROSLAB d43] \u@\h:\w$ PYTHONPATH=/home/alex/Desktop/Robot/grupo_07_kuka_kr7_r900_3_ws/build/grupo07_robot_kinematics/prefix_override:/usr/lib/python3/dist-packages/colcon_core/task/python/colcon_distutils_commands:/home/alex/Desktop/Robot/grupo_07_kuka_kr7_r900_3_ws/install/grupo07_robot_kinematics/lib/python3.12/site-packages:${PYTHONPATH} /usr/bin/python3 -W ignore:setup.py install is deprecated -W ignore:easy_install command is deprecated setup.py egg_info --egg-base ../../build/grupo07_robot_kinematics build --build-base /home/alex/Desktop/Robot/grupo_07_kuka_kr7_r900_3_ws/build/grupo07_robot_kinematics/build install --record /home/alex/Desktop/Robot/grupo_07_kuka_kr7_r900_3_ws/build/grupo07_robot_kinematics/install.log --install-scripts $base/lib/grupo07_robot_kinematics --single-version-externally-managed install_data
[1.967s] Level 1:colcon.colcon_core.environment:checking '/home/alex/Desktop/Robot/grupo_07_kuka_kr7_r900_3_ws/install/grupo07_robot_kinematics' for CMake config files
[1.968s] Level 1:colcon.colcon_core.environment:checking '/home/alex/Desktop/Robot/grupo_07_kuka_kr7_r900_3_ws/install/grupo07_robot_kinematics/lib'
[1.968s] Level 1:colcon.colcon_core.environment:checking '/home/alex/Desktop/Robot/grupo_07_kuka_kr7_r900_3_ws/install/grupo07_robot_kinematics/bin'
[1.968s] Level 1:colcon.colcon_core.environment:checking '/home/alex/Desktop/Robot/grupo_07_kuka_kr7_r900_3_ws/install/grupo07_robot_kinematics/lib/pkgconfig/grupo07_robot_kinematics.pc'
[1.968s] Level 1:colcon.colcon_core.environment:checking '/home/alex/Desktop/Robot/grupo_07_kuka_kr7_r900_3_ws/install/grupo07_robot_kinematics/lib/python3.12/site-packages'
[1.968s] Level 1:colcon.colcon_core.shell:create_environment_hook('grupo07_robot_kinematics', 'pythonpath')
[1.968s] INFO:colcon.colcon_core.shell:Creating environment hook '/home/alex/Desktop/Robot/grupo_07_kuka_kr7_r900_3_ws/install/grupo07_robot_kinematics/share/grupo07_robot_kinematics/hook/pythonpath.ps1'
[1.969s] INFO:colcon.colcon_core.shell:Creating environment descriptor '/home/alex/Desktop/Robot/grupo_07_kuka_kr7_r900_3_ws/install/grupo07_robot_kinematics/share/grupo07_robot_kinematics/hook/pythonpath.dsv'
[1.969s] INFO:colcon.colcon_core.shell:Creating environment hook '/home/alex/Desktop/Robot/grupo_07_kuka_kr7_r900_3_ws/install/grupo07_robot_kinematics/share/grupo07_robot_kinematics/hook/pythonpath.sh'
[1.970s] Level 1:colcon.colcon_core.environment:checking '/home/alex/Desktop/Robot/grupo_07_kuka_kr7_r900_3_ws/install/grupo07_robot_kinematics/bin'
[1.970s] Level 1:colcon.colcon_core.environment:create_environment_scripts_only(grupo07_robot_kinematics)
[1.970s] INFO:colcon.colcon_core.shell:Creating package script '/home/alex/Desktop/Robot/grupo_07_kuka_kr7_r900_3_ws/install/grupo07_robot_kinematics/share/grupo07_robot_kinematics/package.ps1'
[1.971s] INFO:colcon.colcon_core.shell:Creating package descriptor '/home/alex/Desktop/Robot/grupo_07_kuka_kr7_r900_3_ws/install/grupo07_robot_kinematics/share/grupo07_robot_kinematics/package.dsv'
[1.971s] INFO:colcon.colcon_core.shell:Creating package script '/home/alex/Desktop/Robot/grupo_07_kuka_kr7_r900_3_ws/install/grupo07_robot_kinematics/share/grupo07_robot_kinematics/package.sh'
[1.972s] INFO:colcon.colcon_core.shell:Creating package script '/home/alex/Desktop/Robot/grupo_07_kuka_kr7_r900_3_ws/install/grupo07_robot_kinematics/share/grupo07_robot_kinematics/package.bash'
[1.972s] INFO:colcon.colcon_core.shell:Creating package script '/home/alex/Desktop/Robot/grupo_07_kuka_kr7_r900_3_ws/install/grupo07_robot_kinematics/share/grupo07_robot_kinematics/package.zsh'
[1.972s] Level 1:colcon.colcon_core.environment:create_file_with_runtime_dependencies(/home/alex/Desktop/Robot/grupo_07_kuka_kr7_r900_3_ws/install/grupo07_robot_kinematics/share/colcon-core/packages/grupo07_robot_kinematics)
[1.974s] Level 1:colcon.colcon_core.environment:checking '/home/alex/Desktop/Robot/grupo_07_kuka_kr7_r900_3_ws/install/grupo07_kuka_kr7_kinematics' for CMake module files
[1.975s] DEBUG:colcon.colcon_core.event_handler.log_command:Invoked command in '/home/alex/Desktop/Robot/grupo_07_kuka_kr7_r900_3_ws/src/grupo07_kuka_kr7_kinematics' returned '0': DEBUGINFOD_URLS=https://debuginfod.ubuntu.com PS1=[ROSLAB d43] \u@\h:\w$ PYTHONPATH=/home/alex/Desktop/Robot/grupo_07_kuka_kr7_r900_3_ws/build/grupo07_kuka_kr7_kinematics/prefix_override:/usr/lib/python3/dist-packages/colcon_core/task/python/colcon_distutils_commands:/home/alex/Desktop/Robot/grupo_07_kuka_kr7_r900_3_ws/install/grupo07_kuka_kr7_kinematics/lib/python3.12/site-packages:${PYTHONPATH} /usr/bin/python3 -W ignore:setup.py install is deprecated -W ignore:easy_install command is deprecated setup.py egg_info --egg-base ../../build/grupo07_kuka_kr7_kinematics build --build-base /home/alex/Desktop/Robot/grupo_07_kuka_kr7_r900_3_ws/build/grupo07_kuka_kr7_kinematics/build install --record /home/alex/Desktop/Robot/grupo_07_kuka_kr7_r900_3_ws/build/grupo07_kuka_kr7_kinematics/install.log --install-scripts $base/lib/grupo07_kuka_kr7_kinematics --single-version-externally-managed install_data
[1.975s] Level 1:colcon.colcon_core.environment:checking '/home/alex/Desktop/Robot/grupo_07_kuka_kr7_r900_3_ws/install/grupo07_kuka_kr7_kinematics' for CMake config files
[1.975s] Level 1:colcon.colcon_core.environment:checking '/home/alex/Desktop/Robot/grupo_07_kuka_kr7_r900_3_ws/install/grupo07_kuka_kr7_kinematics/lib'
[1.975s] Level 1:colcon.colcon_core.environment:checking '/home/alex/Desktop/Robot/grupo_07_kuka_kr7_r900_3_ws/install/grupo07_kuka_kr7_kinematics/bin'
[1.975s] Level 1:colcon.colcon_core.environment:checking '/home/alex/Desktop/Robot/grupo_07_kuka_kr7_r900_3_ws/install/grupo07_kuka_kr7_kinematics/lib/pkgconfig/grupo07_kuka_kr7_kinematics.pc'
[1.976s] Level 1:colcon.colcon_core.environment:checking '/home/alex/Desktop/Robot/grupo_07_kuka_kr7_r900_3_ws/install/grupo07_kuka_kr7_kinematics/lib/python3.12/site-packages'
[1.976s] Level 1:colcon.colcon_core.shell:create_environment_hook('grupo07_kuka_kr7_kinematics', 'pythonpath')
[1.976s] INFO:colcon.colcon_core.shell:Creating environment hook '/home/alex/Desktop/Robot/grupo_07_kuka_kr7_r900_3_ws/install/grupo07_kuka_kr7_kinematics/share/grupo07_kuka_kr7_kinematics/hook/pythonpath.ps1'
[1.976s] INFO:colcon.colcon_core.shell:Creating environment descriptor '/home/alex/Desktop/Robot/grupo_07_kuka_kr7_r900_3_ws/install/grupo07_kuka_kr7_kinematics/share/grupo07_kuka_kr7_kinematics/hook/pythonpath.dsv'
[1.976s] INFO:colcon.colcon_core.shell:Creating environment hook '/home/alex/Desktop/Robot/grupo_07_kuka_kr7_r900_3_ws/install/grupo07_kuka_kr7_kinematics/share/grupo07_kuka_kr7_kinematics/hook/pythonpath.sh'
[1.977s] Level 1:colcon.colcon_core.environment:checking '/home/alex/Desktop/Robot/grupo_07_kuka_kr7_r900_3_ws/install/grupo07_kuka_kr7_kinematics/bin'
[1.977s] Level 1:colcon.colcon_core.environment:create_environment_scripts_only(grupo07_kuka_kr7_kinematics)
[1.977s] INFO:colcon.colcon_core.shell:Creating package script '/home/alex/Desktop/Robot/grupo_07_kuka_kr7_r900_3_ws/install/grupo07_kuka_kr7_kinematics/share/grupo07_kuka_kr7_kinematics/package.ps1'
[1.978s] INFO:colcon.colcon_core.shell:Creating package descriptor '/home/alex/Desktop/Robot/grupo_07_kuka_kr7_r900_3_ws/install/grupo07_kuka_kr7_kinematics/share/grupo07_kuka_kr7_kinematics/package.dsv'
[1.978s] INFO:colcon.colcon_core.shell:Creating package script '/home/alex/Desktop/Robot/grupo_07_kuka_kr7_r900_3_ws/install/grupo07_kuka_kr7_kinematics/share/grupo07_kuka_kr7_kinematics/package.sh'
[1.978s] INFO:colcon.colcon_core.shell:Creating package script '/home/alex/Desktop/Robot/grupo_07_kuka_kr7_r900_3_ws/install/grupo07_kuka_kr7_kinematics/share/grupo07_kuka_kr7_kinematics/package.bash'
[1.979s] INFO:colcon.colcon_core.shell:Creating package script '/home/alex/Desktop/Robot/grupo_07_kuka_kr7_r900_3_ws/install/grupo07_kuka_kr7_kinematics/share/grupo07_kuka_kr7_kinematics/package.zsh'
[1.979s] Level 1:colcon.colcon_core.environment:create_file_with_runtime_dependencies(/home/alex/Desktop/Robot/grupo_07_kuka_kr7_r900_3_ws/install/grupo07_kuka_kr7_kinematics/share/colcon-core/packages/grupo07_kuka_kr7_kinematics)
[1.979s] DEBUG:colcon.colcon_parallel_executor.executor.parallel:closing loop
[1.980s] DEBUG:colcon.colcon_parallel_executor.executor.parallel:loop closed
[1.980s] DEBUG:colcon.colcon_parallel_executor.executor.parallel:run_until_complete finished with '0'
[1.980s] DEBUG:colcon.colcon_core.event_reactor:joining thread
[1.986s] INFO:colcon.colcon_core.plugin_system:Skipping extension 'colcon_notification.desktop_notification.terminal_notifier': Not used on non-Darwin systems
[1.986s] INFO:colcon.colcon_core.plugin_system:Skipping extension 'colcon_notification.desktop_notification.win32': Not used on non-Windows systems
[1.986s] INFO:colcon.colcon_notification.desktop_notification:Sending desktop notification using 'notify2'
[1.994s] DEBUG:colcon.colcon_core.event_reactor:joined thread
[1.994s] INFO:colcon.colcon_core.shell:Creating prefix script '/home/alex/Desktop/Robot/grupo_07_kuka_kr7_r900_3_ws/install/local_setup.ps1'
[1.995s] INFO:colcon.colcon_core.shell:Creating prefix util module '/home/alex/Desktop/Robot/grupo_07_kuka_kr7_r900_3_ws/install/_local_setup_util_ps1.py'
[1.996s] INFO:colcon.colcon_core.shell:Creating prefix chain script '/home/alex/Desktop/Robot/grupo_07_kuka_kr7_r900_3_ws/install/setup.ps1'
[1.998s] INFO:colcon.colcon_core.shell:Creating prefix script '/home/alex/Desktop/Robot/grupo_07_kuka_kr7_r900_3_ws/install/local_setup.sh'
[1.999s] INFO:colcon.colcon_core.shell:Creating prefix util module '/home/alex/Desktop/Robot/grupo_07_kuka_kr7_r900_3_ws/install/_local_setup_util_sh.py'
[1.999s] INFO:colcon.colcon_core.shell:Creating prefix chain script '/home/alex/Desktop/Robot/grupo_07_kuka_kr7_r900_3_ws/install/setup.sh'
[2.002s] INFO:colcon.colcon_core.shell:Creating prefix script '/home/alex/Desktop/Robot/grupo_07_kuka_kr7_r900_3_ws/install/local_setup.bash'
[2.002s] INFO:colcon.colcon_core.shell:Creating prefix chain script '/home/alex/Desktop/Robot/grupo_07_kuka_kr7_r900_3_ws/install/setup.bash'
[2.005s] INFO:colcon.colcon_core.shell:Creating prefix script '/home/alex/Desktop/Robot/grupo_07_kuka_kr7_r900_3_ws/install/local_setup.zsh'
[2.005s] INFO:colcon.colcon_core.shell:Creating prefix chain script '/home/alex/Desktop/Robot/grupo_07_kuka_kr7_r900_3_ws/install/setup.zsh'
